,Bone-Osteosarc,Breast-AdenoCA,CNS-GBM,CNS-Medullo,CNS-PiloAstro,ColoRect-AdenoCA,Eso-AdenoCA,Head-SCC,Kidney-ChRCC,Kidney-RCC,Liver-HCC,Lung-AdenoCA,Lung-SCC,Lymph-BNHL,Lymph-CLL,Myeloid-MPN,Ovary-AdenoCA,Panc-AdenoCA,Panc-Endocrine,Prost-AdenoCA,Skin-Melanoma,Stomach-AdenoCA,Thy-AdenoCA,Uterus-AdenoCA
Liver-HCC,8.977487e-25,1.2573102e-20,7.726356e-27,1.09751924e-29,0.0,2.3092363e-17,4.7496593e-34,2.3942912e-18,2.0641793e-20,2.7269215e-16,1.0,9.241334e-30,9.307494e-37,1.9397818e-21,1.3302411e-19,1.1411811e-32,8.027674e-27,3.628537e-23,5.1863857e-17,4.6937976e-22,4.085806e-25,2.4867475e-24,3.7144153e-23,2.7854814e-17
Breast-AdenoCA,4.8358575e-28,1.0,5.63119e-38,3.0688372e-32,0.0,1.9081465e-32,0.0,8.636307e-23,1.3263783e-29,2.0708332e-30,1.4345071e-29,9.494016e-34,8.352527e-34,0.0,0.0,6.301528e-33,9.9312346e-30,2.1602765e-24,0.0,1.6302413e-29,1.9145482e-32,1.5847789e-31,4.3568136e-37,1.1777972e-24
Lung-AdenoCA,6.1136984e-11,3.419757e-06,1.3473599e-12,1.3002664e-16,6.7742225e-22,4.63461e-12,1.0346584e-11,3.634919e-11,1.3635614e-13,1.5650216e-14,6.7398295e-13,0.9999964,1.6931874e-07,6.595446e-15,2.3327091e-16,2.6013452e-14,1.0074917e-11,1.093392e-08,7.0145593e-13,8.391358e-13,1.1625674e-12,4.6155814e-12,7.3966415e-12,3.0091157e-12
Liver-HCC,4.507886e-16,9.0735254e-14,2.6974003e-19,1.0075848e-24,1.2667154e-30,7.191724e-15,1.15465326e-20,5.6671935e-14,1.6353829e-18,7.0662155e-17,1.0,9.517587e-19,3.3427538e-22,3.036142e-16,2.9870447e-14,8.910414e-24,7.084531e-20,2.1852403e-17,9.1256985e-14,1.1822855e-16,2.7838483e-15,1.4584367e-15,7.378454e-18,7.907717e-18
CNS-Medullo,6.1197096e-07,0.0001983032,1.8205309e-06,0.9995801,7.0887486e-06,1.2167149e-05,1.6058866e-08,5.25964e-07,2.277104e-05,5.313827e-08,3.5202882e-07,3.2627528e-07,1.3959266e-08,1.3538568e-07,2.9917356e-07,5.8275855e-05,2.9203758e-07,2.5835534e-06,3.701133e-06,0.00010780376,2.639374e-07,9.175828e-07,8.876232e-07,6.005237e-07
CNS-Medullo,5.4435663e-05,9.999214e-07,2.2220236e-05,0.9992592,1.5227199e-05,3.3207758e-05,1.7274054e-07,3.5203632e-07,3.532905e-05,3.8123457e-05,8.839442e-06,1.6686454e-06,1.8254507e-07,7.669384e-07,5.081969e-06,4.4467706e-05,4.9955117e-05,0.0001618802,0.0002201157,2.5843934e-05,1.9495859e-07,3.979521e-06,1.3205355e-05,4.5643055e-06
Lymph-BNHL,1.4058263e-16,1.6003046e-26,2.9721604e-18,6.9473166e-28,2.6435754e-25,2.1490318e-17,1.1113323e-24,1.4884247e-19,2.9742496e-24,9.334005e-25,2.8997184e-22,1.6821269e-20,2.8067983e-28,1.0,1.5335726e-09,1.957207e-26,1.3978748e-23,5.9629537e-27,2.6950436e-20,2.3810965e-23,8.831186e-19,5.604133e-20,5.0898825e-22,1.2370898e-21
Prost-AdenoCA,3.0721234e-09,7.266572e-10,9.267835e-10,8.344115e-09,2.3788753e-09,3.3270393e-09,1.39701965e-11,1.9437206e-08,2.4744165e-10,4.97768e-10,2.1613356e-09,5.338194e-10,3.0940855e-10,3.6748993e-10,1.2586536e-09,4.3095465e-11,3.6934275e-11,5.6819438e-11,6.713776e-11,1.0,2.0300558e-11,6.368672e-11,1.5574896e-11,9.785523e-09
Prost-AdenoCA,4.4371375e-11,4.250345e-12,2.7089657e-11,3.2095393e-09,1.3003569e-10,3.962938e-11,1.4712569e-13,2.148014e-11,1.0252068e-12,1.5004788e-12,3.57904e-12,1.6873507e-10,8.639712e-13,1.1024634e-12,2.2077474e-12,2.9707582e-12,2.8675057e-14,1.2258418e-09,5.2798797e-13,1.0,3.8980244e-15,6.308281e-12,7.863063e-14,3.462105e-11
Skin-Melanoma,0.0,0.0,0.0,0.0,0.0,0.0,0.0,0.0,0.0,0.0,0.0,0.0,0.0,0.0,0.0,0.0,0.0,0.0,0.0,0.0,1.0,0.0,0.0,0.0
Panc-AdenoCA,4.613559e-15,4.2904608e-23,5.068122e-16,2.0524822e-26,8.667558e-32,0.004721635,0.04135019,2.8157365e-10,2.2729499e-17,5.2855555e-16,1.0411403e-10,3.9139933e-10,1.1693688e-22,4.0169982e-07,6.782396e-10,6.7914167e-18,9.514924e-22,7.460377e-07,3.66389e-07,3.705044e-14,1.134515e-16,0.9539267,1.0908332e-21,3.0784306e-16
Kidney-ChRCC,0.02104961,0.001347946,0.0019561523,0.054607306,0.0001553567,0.005690038,4.590842e-05,0.0013216594,0.07464327,0.38885728,0.22875059,0.00015302529,3.6801343e-05,0.00047140906,0.011963428,0.0041867835,0.023737917,0.012011929,0.11378042,0.022845441,0.00050389674,0.0056796046,0.017659457,0.0085446825
Panc-Endocrine,0.009765007,0.009139842,0.025191309,0.087007806,0.022162128,0.03072763,0.00025420272,0.0070273993,0.029227836,0.0017457523,0.009547579,0.0047276677,0.00027917323,0.0076449383,0.01096467,0.009031085,0.0012646538,0.006725352,0.10664017,0.5970698,0.0025639886,0.005945341,0.012597705,0.0027489786
Prost-AdenoCA,3.8196237e-09,1.7262311e-11,5.1999344e-10,3.6216692e-09,4.5219e-11,1.1818951e-09,5.5665477e-13,3.817182e-10,2.3179599e-10,2.8365605e-09,2.363042e-10,3.3875413e-11,9.481125e-13,5.0187854e-11,2.5988567e-09,3.520175e-11,9.666561e-12,9.123236e-12,1.4582012e-10,1.0,1.6138368e-12,1.492679e-10,1.0371907e-12,2.224307e-09
Liver-HCC,1.8142569e-12,4.755929e-09,3.1095827e-12,2.8409983e-14,1.1513266e-15,1.0729918e-09,1.5293981e-13,3.662601e-08,7.4026896e-13,1.3697199e-10,0.9999999,6.971691e-12,1.2596518e-14,2.121144e-10,5.3430345e-09,2.6528828e-15,5.0805426e-14,2.1660626e-11,9.553504e-08,3.7300247e-09,2.086291e-11,5.074442e-10,3.1219933e-11,3.7538094e-11
Ovary-AdenoCA,5.3946777e-16,1.30541226e-20,2.6286992e-20,3.6587095e-17,2.8057314e-33,1.0969723e-19,6.1862743e-25,1.2180533e-23,1.5850481e-12,3.823563e-15,1.2339138e-20,7.025746e-22,1.06307385e-23,4.6554513e-25,7.0988854e-23,2.588074e-12,1.0,1.613646e-12,1.6647731e-16,2.5056682e-24,2.9223048e-22,6.918521e-19,1.5230998e-19,2.0010905e-13
Liver-HCC,0.0,0.0,0.0,0.0,0.0,5.0227125e-33,0.0,0.0,0.0,1.1170554e-35,1.0,0.0,0.0,4.6223517e-36,3.783198e-31,0.0,0.0,0.0,1.0797526e-24,0.0,3.05956e-37,4.9498353e-29,0.0,0.0
Kidney-RCC,3.4314505e-07,8.343473e-09,3.129578e-09,3.694131e-10,2.883367e-16,5.090335e-07,1.2571266e-13,1.4749248e-06,2.0642742e-07,0.9993662,0.00062618137,2.2262141e-10,9.751944e-12,1.2367149e-08,3.1531687e-08,1.1650514e-10,5.3026675e-08,1.6692587e-08,1.5575163e-06,6.201347e-09,3.0188558e-09,4.549507e-09,7.8075875e-09,3.4534517e-06
Panc-AdenoCA,1.2184028e-14,6.729917e-15,2.7599695e-17,1.4622624e-17,3.8818815e-29,1.8779926e-11,3.4786245e-12,7.537857e-14,2.9950047e-13,2.7695833e-13,4.1184792e-14,6.8938345e-12,2.9508088e-18,1.7282142e-15,5.901435e-16,4.366546e-15,7.6471735e-15,1.0,1.6085954e-14,6.0439223e-15,2.4109181e-17,4.6837834e-10,4.6954034e-17,5.617734e-13
Liver-HCC,1.2460976e-37,1.3696386e-33,0.0,0.0,0.0,7.553349e-24,0.0,2.3026899e-26,8.744078e-38,4.8253135e-22,1.0,0.0,0.0,1.4444336e-31,3.5709492e-29,0.0,0.0,0.0,6.0873266e-31,1.1796749e-27,0.0,0.0,0.0,6.1579405e-28
CNS-PiloAstro,0.0002894489,0.007421365,0.00042426356,0.1281581,0.8165504,4.846009e-05,4.0428627e-06,3.162643e-05,0.011725872,4.0628354e-05,1.7228167e-05,3.3734712e-05,2.865686e-05,3.4557688e-06,9.4534145e-05,0.0025641646,0.000628265,2.9841929e-05,0.00020920858,0.00014272283,7.3861105e-05,1.7229728e-05,0.031364325,9.8721874e-05
Liver-HCC,2.2234296e-10,3.1326124e-08,4.707791e-10,4.135829e-12,1.7562056e-14,7.011795e-09,4.4499511e-13,2.177991e-08,7.1610294e-11,6.5209383e-07,0.9999989,1.497079e-11,4.3193817e-12,5.781808e-10,6.48682e-08,2.0092279e-12,7.4288753e-10,6.4699315e-11,1.684782e-07,9.54169e-09,3.115842e-09,1.4654952e-08,2.3449453e-10,5.5857104e-08
Skin-Melanoma,0.0009253005,0.030823328,0.0001501535,3.6094398e-06,4.482193e-07,0.0001484169,0.00012145674,0.0011896507,0.0060700434,1.9368974e-06,2.1676971e-05,0.0044597615,1.6836124e-05,0.0008598928,0.00047532897,0.00076385145,9.814483e-05,6.4062675e-05,0.00012488579,4.5204392e-06,0.9314375,0.003582504,0.018060923,0.00059574883
Lymph-BNHL,0.00011166004,2.2740248e-06,4.836303e-05,6.854127e-07,6.956366e-06,7.9634105e-05,1.4109828e-07,1.4016122e-05,1.967059e-06,1.5530702e-07,8.39294e-06,1.3224465e-05,5.6437617e-08,0.79955703,0.19958733,2.3091098e-07,1.4369587e-06,1.18861315e-07,2.1332837e-05,8.771144e-07,4.7107013e-05,9.135682e-06,0.00048354495,4.301359e-06
Breast-AdenoCA,8.206453e-07,0.9999763,4.0918486e-09,6.90595e-08,5.594622e-13,2.7551028e-09,3.1391396e-11,1.1728007e-07,7.8174365e-09,2.091539e-09,1.1515955e-08,1.2395344e-08,7.55976e-08,2.8987823e-10,2.864628e-10,2.6072467e-08,1.9088739e-05,7.423622e-10,2.1256207e-11,2.639816e-09,3.0613367e-06,1.0666883e-08,1.3477641e-07,2.7523427e-07
Head-SCC,3.5716475e-08,4.407488e-11,2.0674222e-12,7.0094094e-16,5.0094154e-17,1.3967224e-09,3.6105178e-08,0.99999976,1.7808201e-11,1.0889341e-11,6.3951705e-11,8.1832646e-10,1.8873447e-09,1.5107658e-07,9.0966186e-11,2.1358775e-13,4.520454e-13,9.057612e-11,2.9307284e-10,5.0696117e-11,1.8226694e-10,7.415196e-09,1.0831455e-09,1.2292692e-09
Panc-AdenoCA,1.9899323e-14,3.1327096e-15,8.825982e-14,1.11832685e-17,1.3368944e-26,4.8076396e-07,1.3272576e-07,1.4853036e-12,8.2216684e-14,1.6248728e-14,8.6927285e-14,3.5363357e-08,1.1914029e-16,1.3643569e-12,3.2476003e-12,6.652157e-14,1.9714452e-16,0.9999993,4.822135e-11,1.7575047e-12,2.9473913e-15,9.204875e-08,9.557652e-16,1.120148e-13
CNS-Medullo,0.0066997763,0.0026067381,0.00586931,0.61614496,0.2627348,0.0011578461,0.0001490318,0.00029640744,0.019409044,0.001424715,0.0018221695,0.0029136033,0.00030842947,0.0003398999,0.008243963,0.0043539396,0.006135549,0.0021881794,0.004899432,0.032270234,0.0007367288,0.0016938888,0.016505986,0.0010953828
Lung-AdenoCA,0.0,0.0,0.0,0.0,0.0,0.0,0.0,0.0,0.0,0.0,0.0,1.0,0.0,0.0,0.0,0.0,0.0,0.0,0.0,0.0,0.0,0.0,0.0,0.0
Lymph-BNHL,1.1617234e-33,0.0,9.661369e-37,0.0,0.0,3.5538347e-32,0.0,7.99067e-36,0.0,0.0,0.0,0.0,0.0,1.0,3.171849e-10,0.0,0.0,0.0,0.0,0.0,4.8724855e-35,0.0,3.1107064e-37,0.0
Eso-AdenoCA,2.0226208e-11,2.0046846e-11,6.1050134e-13,6.093809e-17,2.541095e-22,1.5250016e-06,0.9023609,5.7889434e-07,1.4396659e-11,6.259524e-13,1.0351295e-09,3.9567058e-07,1.2543218e-12,1.464882e-09,2.187404e-11,5.4261973e-12,9.124729e-14,0.0033795962,2.4038487e-09,1.1923009e-11,4.2308665e-10,0.09425701,4.2617095e-13,1.1595024e-09
Lung-SCC,1.4350303e-17,1.4822689e-22,8.646841e-34,0.0,0.0,0.0,3.3541358e-29,7.921276e-17,0.0,3.84882e-38,0.0,3.6410281e-09,1.0,1.1319192e-34,1.4563737e-38,1.2451567e-37,2.942348e-16,3.6753484e-36,1.7992814e-37,0.0,2.1053954e-22,1.531225e-36,2.710653e-28,4.4041396e-28
Kidney-RCC,3.8923852e-07,9.230508e-09,4.8272614e-08,2.326394e-07,2.2390221e-12,2.1345982e-06,1.3881857e-10,7.044866e-07,0.00010928173,0.99950397,1.2546257e-05,7.588139e-11,2.3702174e-11,1.2869327e-08,5.697937e-08,9.787389e-07,5.557607e-06,9.407108e-07,0.00028733938,1.1613569e-06,1.2780215e-08,1.3628414e-06,4.7090566e-08,7.33182e-05
Stomach-AdenoCA,3.2631024e-18,7.7476945e-23,3.2272012e-19,3.5452923e-27,5.4643525e-34,7.008913e-09,0.00022333032,2.3778426e-15,1.5565601e-18,2.1367145e-19,1.3758103e-17,2.1338294e-13,1.6021178e-23,5.9757386e-12,4.4422084e-15,3.9853674e-18,3.738367e-19,3.902683e-10,2.2080226e-14,6.52627e-18,4.876276e-17,0.99977666,2.860467e-23,1.5864639e-15
Head-SCC,2.6997516e-16,1.8510351e-16,5.6553683e-22,1.678279e-30,1.6311868e-29,1.8104308e-19,2.4147748e-17,1.0,3.0232678e-23,1.841066e-21,8.9119165e-15,3.6285703e-20,1.0627503e-14,3.5613533e-17,2.0515104e-19,4.572391e-27,5.3884007e-25,5.4970574e-21,4.480357e-22,2.8922244e-17,1.8143588e-18,4.6672392e-18,4.944277e-18,8.923568e-19
CNS-Medullo,0.0003663377,0.00028265893,0.0020259386,0.5578969,0.42983523,0.00011433193,4.06874e-06,2.0548478e-05,0.0010715001,2.3786464e-05,5.153589e-05,3.8378483e-05,1.177677e-05,1.3779422e-05,0.00038288822,0.0023095089,0.00029683742,4.7721627e-05,0.00081374263,0.0003056826,4.993492e-05,6.392532e-05,0.0038836948,8.934521e-05
Lymph-BNHL,7.5968566e-13,1.8545207e-20,7.1505214e-14,1.835979e-21,7.544115e-19,1.6366122e-12,1.4985345e-20,1.4537317e-13,1.9717742e-17,2.4532362e-19,2.933032e-16,3.829437e-17,2.804107e-22,0.9990227,0.0009772535,1.06732455e-20,3.4636602e-18,2.920698e-21,6.570501e-15,2.9729763e-16,2.892667e-14,1.729894e-15,2.262827e-15,4.7367056e-16
Lung-AdenoCA,0.0,0.0,0.0,0.0,0.0,0.0,0.0,0.0,0.0,0.0,0.0,1.0,0.0,0.0,0.0,0.0,0.0,0.0,0.0,0.0,0.0,0.0,0.0,0.0
CNS-PiloAstro,0.0004927508,5.671034e-05,0.00090750353,0.15269126,0.82171553,0.00011063687,1.2843437e-05,1.9164225e-05,0.005309276,2.6229785e-05,6.1665223e-06,0.00015876304,1.2974807e-05,3.0495408e-05,0.0001286394,0.012421267,0.00040551808,7.67097e-05,0.0004051172,0.00014718763,4.07373e-05,0.00011118435,0.0046230536,9.0221365e-05
Ovary-AdenoCA,2.1860427e-15,3.3524894e-19,3.389686e-15,4.2590352e-16,9.348685e-25,1.2099809e-16,3.8819857e-21,2.3090588e-18,4.9519877e-14,7.7258935e-13,1.0208129e-15,6.3388143e-21,8.904625e-19,2.394718e-20,1.2113162e-15,2.2319985e-13,0.9999999,5.958888e-14,5.355616e-16,3.906322e-19,1.33275655e-17,1.2937061e-15,2.5755792e-13,6.1025915e-08
Panc-Endocrine,0.00809393,0.0077702245,0.0076803835,0.012733266,0.03250245,0.0045476933,0.0002701339,0.0018607527,0.022204066,0.010365384,0.020261778,0.0013375103,0.00033592904,0.0009153104,0.0571441,0.0054613217,0.010838382,0.004778469,0.5993426,0.00082039286,0.0018717481,0.00529569,0.1827977,0.0007708138
Skin-Melanoma,0.0,0.0,0.0,0.0,0.0,0.0,0.0,0.0,0.0,0.0,0.0,0.0,0.0,0.0,0.0,0.0,0.0,0.0,0.0,0.0,1.0,0.0,0.0,0.0
Prost-AdenoCA,2.0855981e-07,7.8536897e-07,4.2765357e-08,1.8130216e-06,1.3754954e-09,3.565968e-07,2.0388566e-10,1.9155424e-08,4.1534445e-08,2.024428e-08,3.7488693e-08,6.182763e-08,2.312268e-09,2.9248895e-08,1.7970983e-08,7.831995e-08,3.7206158e-09,9.0965395e-09,1.9137676e-08,0.9999957,2.9808644e-09,6.489296e-09,3.6082137e-10,7.7747785e-07
Ovary-AdenoCA,1.1320092e-09,2.0588487e-15,3.0930102e-11,2.4949833e-07,4.2090286e-21,3.6209265e-11,1.4232783e-18,4.238361e-17,1.5609336e-07,2.6560874e-06,3.0021195e-13,6.9286376e-15,5.5797495e-17,1.0879957e-15,2.3642995e-14,3.3410805e-09,0.99999046,7.414196e-12,4.1017057e-07,1.3481069e-13,5.3781117e-14,1.9297668e-13,3.913018e-12,6.1399537e-06
Ovary-AdenoCA,6.845574e-09,1.649188e-06,2.0906143e-10,9.844506e-10,5.432404e-17,2.4471516e-10,1.4332504e-12,1.3539592e-09,5.8512213e-09,4.0338e-07,1.180168e-08,1.4091521e-09,1.03850715e-08,1.6856891e-12,1.7975121e-10,3.5683576e-09,0.9999962,4.790994e-08,4.778912e-11,4.6184337e-12,3.0345952e-09,3.3641762e-10,2.6742605e-08,1.6484081e-06
Uterus-AdenoCA,1.4028863e-06,3.932419e-09,1.9216526e-07,5.119261e-10,4.833427e-16,4.676854e-06,9.402606e-10,1.4724011e-06,2.899139e-07,4.131718e-05,1.6087499e-06,8.933481e-08,4.843395e-08,3.8822708e-07,2.6672877e-08,2.623287e-08,0.08565109,5.9671584e-07,1.0650227e-08,3.6217506e-07,2.3803528e-08,4.3588562e-07,5.597611e-08,0.91429585
CNS-PiloAstro,0.00049217045,3.503492e-05,0.0007383602,0.52655226,0.46665964,2.7595557e-05,1.3676479e-06,2.2753682e-06,0.0012877298,8.644262e-06,4.0965692e-06,2.0275727e-05,2.181281e-06,5.1145375e-06,0.0005136789,0.0008166141,0.00024060668,0.00013078845,0.00010725552,0.00025659328,3.7515983e-06,1.9988373e-05,0.002054892,1.9038418e-05
CNS-GBM,0.00016438887,6.52949e-09,0.9997961,2.4576735e-05,1.1635119e-05,8.626027e-10,2.2862723e-13,3.9273337e-10,1.3462778e-07,8.322912e-09,2.8033322e-09,5.047449e-08,1.0555191e-09,1.6222376e-08,1.2177603e-07,7.8498864e-08,1.776255e-07,3.710806e-11,1.4880742e-06,3.4752132e-10,1.632192e-07,1.1450866e-09,1.1054802e-06,4.7609607e-08
Panc-AdenoCA,1.1145323e-06,5.152854e-07,1.6265261e-08,8.819758e-08,1.7654526e-12,3.4992656e-06,1.3823284e-05,8.177548e-07,3.850053e-07,3.9848658e-08,7.33954e-09,5.430401e-06,1.2766846e-08,1.6560964e-08,5.440122e-09,5.84764e-06,6.451882e-09,0.99989736,2.839589e-08,2.0466412e-06,5.712552e-09,6.833419e-05,2.7016798e-08,5.434558e-07
Liver-HCC,2.2619285e-18,4.3805894e-17,1.2242426e-18,2.2395386e-24,6.4364254e-29,2.6673432e-15,9.538798e-22,7.880768e-17,1.4308472e-19,1.6733119e-15,1.0,4.658572e-20,1.8566649e-23,6.1262737e-17,1.7331972e-13,2.0274508e-23,2.203909e-17,2.165894e-18,2.203199e-13,2.1522375e-19,8.965677e-18,5.395524e-15,1.2562369e-19,2.1850259e-15
Prost-AdenoCA,1.1216025e-09,1.4356375e-06,3.5659597e-10,6.755252e-07,2.481665e-11,3.570617e-09,9.669251e-12,8.040553e-10,3.3131936e-10,1.6984343e-11,4.756636e-09,2.2719275e-08,5.602693e-11,4.5826166e-11,9.5106e-11,1.2774919e-09,3.2233816e-11,3.7402852e-08,2.0550224e-12,0.99999785,1.8499629e-11,2.6191544e-09,2.2945072e-12,4.379211e-09
Eso-AdenoCA,2.6605633e-07,2.221587e-09,1.6349064e-08,1.7279714e-12,1.2809342e-16,5.8055826e-05,0.5131918,6.869399e-07,1.3308001e-07,9.518529e-10,2.0659705e-08,0.00022635287,1.7788245e-09,1.0042203e-06,3.439072e-08,6.006875e-08,4.9570903e-09,0.02416307,1.6054787e-06,7.090171e-08,2.622497e-07,0.46235633,1.1857931e-10,9.261352e-08
Liver-HCC,6.7724014e-25,2.6422623e-27,6.057672e-25,3.8660316e-33,7.965766e-38,5.998014e-21,1.4644387e-33,9.358963e-25,4.5541262e-29,5.629346e-22,1.0,1.4680806e-32,1.7283672e-36,3.463963e-21,2.0170956e-18,6.974198e-33,1.0847628e-27,3.2858998e-29,2.7390074e-14,1.6408324e-25,2.6315031e-24,6.3858513e-21,7.323169e-30,6.235847e-23
Eso-AdenoCA,0.0,0.0,0.0,0.0,0.0,2.0398637e-30,1.0,1.259396e-31,0.0,0.0,0.0,7.903412e-31,0.0,1.3851222e-34,0.0,0.0,0.0,2.389037e-25,4.628678e-32,0.0,5.8465e-36,2.6306634e-14,0.0,0.0
Eso-AdenoCA,1.638686e-19,3.5897952e-23,2.9984857e-21,1.2702585e-29,7.708331e-37,4.381972e-12,0.9999964,1.7691416e-14,2.1934485e-19,9.272554e-22,2.2454377e-20,1.6478739e-10,1.2078068e-20,1.407174e-15,1.1811029e-19,9.2571896e-20,2.0970767e-21,4.6292854e-07,2.1669237e-14,9.938554e-22,1.6188057e-17,3.1350346e-06,1.159145e-22,1.4254507e-16
CNS-Medullo,4.981484e-05,0.000488809,0.00016780937,0.9973916,0.00031575927,4.7201313e-05,1.2574358e-06,8.893451e-06,8.9559115e-05,1.8450468e-05,9.71628e-06,6.47988e-06,5.2187406e-06,3.5172218e-06,3.4236143e-06,0.0004227041,5.7718367e-05,3.857249e-05,2.3236811e-05,0.0006958716,8.48683e-06,2.145374e-05,4.365947e-06,0.00012003527
Panc-AdenoCA,6.8775945e-09,2.331073e-10,1.7658164e-10,3.9823995e-12,1.2131062e-17,5.802506e-09,2.280009e-05,8.6211355e-10,2.273923e-10,4.5579517e-12,1.6177189e-12,0.0001414604,2.289133e-09,3.7128703e-11,8.300287e-12,2.603499e-09,1.5819909e-08,0.99983346,1.2215039e-10,5.8920105e-11,2.5095382e-11,2.1828976e-06,3.9308753e-10,2.7613323e-09
Eso-AdenoCA,0.00075462926,0.00018837524,9.769704e-05,1.7483336e-07,3.8015116e-08,0.00033968358,0.10571415,0.00039341656,8.6106076e-05,1.0314549e-05,2.0299407e-05,0.017741894,5.3503445e-05,0.00025011992,1.8033743e-05,2.9296118e-05,1.2661065e-05,0.01751903,0.0003907995,0.00015642987,0.0003375376,0.8558214,8.453325e-06,5.602922e-05
CNS-Medullo,0.00015868683,0.00028321703,0.00026523139,0.97566116,0.019428566,0.00012907856,6.7164265e-06,4.3578744e-05,0.0013060215,8.376028e-06,1.3252605e-05,7.8496814e-05,1.2811357e-05,2.5017696e-05,6.70358e-05,0.0007229742,6.5093336e-05,6.423162e-05,3.951776e-05,0.0012961212,1.4679036e-05,3.2446955e-05,0.0001526574,0.00012510459
Eso-AdenoCA,0.0,0.0,0.0,0.0,0.0,4.219331e-33,1.0,1.971561e-37,0.0,0.0,0.0,6.361911e-33,0.0,0.0,0.0,0.0,0.0,1.07559415e-13,4.9426235e-38,0.0,0.0,2.6572151e-17,0.0,0.0
ColoRect-AdenoCA,3.8342158e-20,6.626159e-23,3.7796436e-19,3.6648307e-23,2.4084143e-35,1.0,1.8969085e-13,5.0814736e-14,1.394592e-18,4.217113e-17,2.8405651e-14,6.1076266e-18,1.0580884e-25,5.407561e-10,6.7631745e-13,4.0787775e-20,3.1359067e-21,4.982962e-10,9.452956e-13,4.926185e-18,4.0399891e-19,1.2352135e-09,6.817436e-22,5.336223e-16
Panc-AdenoCA,9.000794e-11,4.7462984e-07,2.4619125e-13,1.1136534e-12,1.8383453e-21,1.5344014e-07,2.293509e-08,3.7193402e-08,9.996954e-10,3.6009837e-12,3.2634735e-11,1.301976e-07,1.6910402e-12,6.896543e-11,1.2767125e-12,6.76199e-11,7.516932e-11,0.9999708,4.3734265e-12,8.766011e-09,7.001554e-11,2.8501987e-05,2.1337077e-12,1.3298691e-09
Lymph-CLL,1.4216039e-05,2.594791e-06,1.5021001e-05,2.3759424e-06,4.038391e-05,1.9785071e-05,5.263045e-08,5.395671e-06,4.4787797e-05,3.0539942e-07,2.6074535e-05,6.8929794e-06,4.881858e-08,0.0005299885,0.99659425,1.8309117e-06,4.190847e-06,1.4553127e-06,2.8115268e-05,3.5083356e-06,5.127911e-06,1.4449627e-06,0.0026483054,3.8003457e-06
CNS-Medullo,1.0561996e-08,2.5565601e-08,1.8784169e-08,0.9999689,4.4975955e-08,1.5820392e-08,4.996373e-12,1.7607557e-09,1.5176514e-06,3.578345e-10,9.194369e-11,7.1779005e-09,1.5854298e-10,3.557791e-11,8.04506e-10,9.779238e-07,1.8122122e-08,5.597752e-07,2.7949611e-11,2.7840042e-05,5.853017e-12,2.2491163e-10,1.0733383e-07,2.6849612e-08
Prost-AdenoCA,0.00015991011,0.000618819,0.00019396236,0.0060847634,0.00011913228,0.00027251247,1.6372702e-05,4.4184966e-05,9.580311e-05,5.1246516e-05,9.872863e-05,0.00040404455,5.252031e-05,5.9830734e-05,4.5501114e-05,7.539736e-05,4.657059e-05,0.0005038539,2.521957e-05,0.9903578,2.6095946e-05,9.2430586e-05,2.2707194e-05,0.0005326043
Ovary-AdenoCA,2.0059021e-08,5.8651606e-10,4.6664864e-12,3.9592784e-08,3.3576738e-18,3.7071236e-12,2.2077865e-14,1.4536957e-11,4.6748344e-08,3.3635498e-08,6.1096007e-12,2.0796456e-13,2.819736e-12,6.437746e-15,6.2748942e-12,1.1302897e-08,0.99999964,3.0433657e-08,1.13011406e-10,2.1106199e-16,1.3080641e-12,2.88256e-12,4.8033808e-08,9.172192e-08
Kidney-RCC,6.759671e-07,1.6910271e-05,8.343577e-11,0.000101800666,2.1743878e-17,8.8813664e-08,8.964725e-16,2.386713e-06,0.00029740654,0.9991949,5.1006552e-08,1.7027517e-14,3.7060233e-14,1.7195897e-10,4.4222397e-11,9.449973e-10,2.4184965e-07,7.8858676e-08,1.0717007e-09,1.987479e-06,3.313212e-10,7.5868346e-11,6.394809e-09,0.000383419
Liver-HCC,5.5223838e-21,3.0371071e-21,9.656584e-21,4.3794165e-26,8.696781e-29,1.911806e-15,1.1467546e-23,1.7158457e-14,2.5173783e-22,4.118532e-15,1.0,7.1023527e-23,2.2011084e-27,7.776456e-17,1.6525041e-13,2.067056e-27,1.1928132e-24,5.1857843e-20,1.0329145e-12,6.009638e-17,8.777507e-21,5.901345e-16,1.04339994e-22,3.2443424e-18
Ovary-AdenoCA,2.0731656e-08,6.9114146e-12,4.917984e-10,1.6798937e-08,7.694971e-17,1.4869873e-11,5.0136812e-14,9.156433e-12,9.889552e-09,4.322703e-08,8.03376e-12,1.3437373e-11,9.912993e-12,8.194302e-13,8.244642e-13,3.5966092e-08,0.9999987,3.6367184e-10,2.0269153e-11,9.067454e-15,5.430497e-11,1.2580363e-11,3.5061625e-09,1.1564762e-06
Thy-AdenoCA,0.004000662,0.014906418,0.0011899102,0.0017574097,0.07107201,0.0009683787,6.841872e-05,0.00089865184,0.01069554,0.0018926584,0.010117087,0.002610382,0.00016992794,0.00019569203,0.025483234,0.0023896687,0.0014818914,0.0008649275,0.024075337,0.006141405,0.0009629039,0.0012238278,0.8163908,0.0004429178
Kidney-RCC,7.942888e-07,1.9300039e-07,1.7266974e-08,1.8934363e-05,2.4116317e-12,3.0847482e-06,5.8526975e-11,1.9025309e-06,0.0001522742,0.99924076,9.467859e-05,5.933313e-10,6.0555866e-11,6.109857e-08,1.7149767e-06,1.8978527e-07,0.00019351121,1.4308356e-06,4.2787494e-07,1.7769664e-06,1.3316347e-07,1.514496e-07,7.834087e-06,0.00028009698
Panc-Endocrine,0.004089803,2.499542e-05,0.00045573883,0.00053211494,0.00017034808,0.00096247083,2.7758442e-06,0.00018526394,0.0115740895,0.0052037034,0.0009498576,1.624903e-05,7.699292e-07,0.00021805416,0.0009213722,0.00013392609,4.412726e-05,0.00012131242,0.9733181,0.000112399335,7.349099e-05,0.00024033905,0.00053133577,0.000117370975
Liver-HCC,1.831474e-31,3.741044e-26,4.158913e-32,0.0,0.0,2.665092e-25,5.8302224e-35,9.631772e-24,5.9992328e-34,2.6613723e-26,1.0,2.2899613e-34,1.3005045e-38,3.6689636e-27,5.511606e-22,0.0,1.6310147e-34,8.912894e-32,1.7046084e-25,9.292155e-25,4.6076025e-27,4.5675915e-22,1.2900236e-32,3.068681e-27
Lymph-CLL,0.0008956074,0.00016969308,0.00042100516,0.00024038384,0.00023151244,0.0008539367,2.4762116e-06,0.00021784056,0.00027606203,3.0653675e-05,0.0020833516,0.00025944514,1.1638433e-06,0.00079176645,0.9829694,8.6302556e-05,1.4053238e-05,0.00037853877,0.0066952184,0.0005268327,4.4261975e-05,0.0003162134,0.0024769288,1.7280521e-05
Prost-AdenoCA,5.0808984e-07,1.688064e-05,3.0333237e-07,1.7852399e-08,2.0559698e-09,1.4317733e-06,8.510664e-09,7.557842e-07,1.5542003e-08,5.974837e-08,7.089817e-06,1.4777552e-06,6.0440904e-08,5.713566e-07,8.4192004e-07,4.3691233e-09,7.928072e-10,3.440417e-07,2.6375395e-07,0.999969,2.7822166e-08,7.5167e-08,1.6832402e-08,2.3638196e-07
Lymph-BNHL,4.4763593e-22,2.120002e-34,1.1198098e-23,2.6294e-36,1.33880955e-33,1.2390917e-22,4.5925127e-34,5.384951e-24,9.334537e-33,1.6145694e-31,1.4405282e-29,8.070442e-28,5.9150558e-36,1.0,8.581433e-15,5.446485e-35,4.4201056e-31,6.2368695e-38,4.600577e-27,2.2124972e-28,1.2341708e-23,1.4102174e-27,7.206938e-30,2.664806e-26
Breast-AdenoCA,4.766117e-07,0.9999281,1.3092936e-08,2.3915379e-09,1.5735574e-12,2.1445175e-09,1.0064949e-08,6.408892e-06,2.141558e-07,8.1203134e-11,5.130534e-09,5.4879933e-08,3.9897552e-07,1.0799365e-09,3.948699e-09,2.7695021e-08,9.156243e-08,2.3556073e-08,1.15247714e-10,2.357912e-09,6.244501e-05,1.2873868e-06,3.6702806e-07,2.2077787e-08
Ovary-AdenoCA,1.4922094e-05,4.145605e-06,8.933409e-07,2.3424255e-08,2.065689e-12,1.4344403e-07,8.7697195e-08,5.652974e-06,1.9661663e-06,5.738667e-06,5.739994e-07,1.3428251e-05,3.2050724e-05,7.1810334e-08,2.5001853e-08,4.2277185e-07,0.99977344,2.1771524e-05,1.0007252e-06,1.819417e-09,1.5860637e-06,8.4764895e-07,2.898955e-06,0.000118332646
Liver-HCC,3.23488e-23,3.3367676e-21,6.7161945e-23,7.51433e-29,1.1569786e-32,5.0861688e-17,1.2093064e-25,2.751233e-18,1.1588031e-24,2.1107554e-18,1.0,4.6114253e-24,1.6921277e-28,1.1076065e-19,3.6696598e-14,1.6373089e-29,9.961381e-26,1.2542867e-21,1.0006945e-15,3.7092987e-18,1.897848e-22,4.2527647e-18,2.1140458e-23,4.509285e-21
Liver-HCC,3.988788e-23,2.63444e-21,1.2842461e-22,9.295894e-29,1.2871683e-31,1.2610395e-17,5.4144367e-28,1.3256668e-19,3.8056326e-24,7.730835e-20,1.0,1.5611375e-24,3.7902926e-30,5.6364484e-18,1.0984868e-14,2.0216127e-30,9.7716176e-26,2.6933423e-24,1.0166194e-16,7.3917645e-22,4.2507978e-20,8.696099e-18,8.951984e-23,5.7364127e-22
Lymph-CLL,1.9501982e-07,5.4479497e-11,4.5676725e-08,2.8450568e-11,1.0054151e-08,1.2574548e-06,1.0608297e-10,3.1571435e-06,4.4171093e-09,3.580335e-08,1.773902e-05,3.5808863e-09,1.285816e-11,0.00022556742,0.999736,6.182149e-11,4.0980854e-11,3.4563502e-10,1.0468618e-05,5.007301e-06,1.0006896e-08,4.0639108e-07,2.0624231e-08,6.8151057e-10
Liver-HCC,1.0978282e-10,2.2032381e-10,3.5333175e-10,7.8157905e-14,1.1321126e-15,2.9839136e-08,6.0567897e-13,4.749867e-10,1.9352822e-10,7.18963e-08,0.99999714,1.6101372e-11,7.284531e-15,2.5994642e-09,1.996559e-06,2.020996e-13,3.4119e-11,2.7531732e-10,6.8217055e-08,1.06720605e-10,1.0498559e-09,6.123764e-07,5.952258e-11,3.0652825e-10
Skin-Melanoma,0.0,0.0,0.0,0.0,0.0,0.0,0.0,0.0,0.0,0.0,0.0,0.0,0.0,0.0,0.0,0.0,0.0,0.0,0.0,0.0,1.0,0.0,0.0,0.0
Panc-AdenoCA,6.056363e-12,8.403465e-10,1.3279401e-15,5.739924e-16,1.2745845e-24,6.491203e-11,5.253892e-10,1.8048079e-12,2.8467406e-09,1.3157364e-13,2.4910956e-14,3.2653547e-09,6.6875276e-15,2.5776028e-15,5.128075e-14,1.6706765e-10,1.2222523e-06,0.99999857,4.0926633e-14,9.690314e-14,9.157e-14,2.3119883e-07,1.13600995e-11,7.0218e-10
Panc-AdenoCA,0.0002347568,9.999089e-07,6.7769455e-05,8.703753e-09,2.2686059e-12,0.029041057,0.0002317088,0.010446825,8.940899e-06,0.20076913,0.05989222,0.00021736063,5.4304775e-07,0.00018804378,0.00051307434,3.3574831e-06,7.623094e-05,0.022082908,0.40578568,0.031468365,2.042481e-06,0.23740752,1.01554626e-07,0.0015612512
Stomach-AdenoCA,0.0047772964,8.668127e-05,0.00070211093,0.004361947,0.9460442,9.2723916e-05,4.2778036e-05,1.1590406e-05,0.018019458,5.701386e-05,2.429049e-05,0.00018258936,1.3260248e-05,1.6830618e-05,0.0010715591,0.010521124,0.001323238,0.00079686864,0.00067654904,0.0006004494,3.39805e-05,0.00039909108,0.010090757,5.35348e-05
Liver-HCC,8.4939333e-35,9.68664e-31,1.1001698e-34,0.0,0.0,2.549768e-27,1.2821993e-38,4.952919e-27,3.5080438e-37,4.5884487e-27,1.0,6.5920796e-36,0.0,1.1836489e-30,1.4209874e-24,0.0,0.0,4.1310845e-32,2.978196e-27,9.14306e-27,1.3518345e-33,6.947195e-25,1.8357272e-38,5.336793e-31
CNS-Medullo,1.6894199e-05,3.555739e-07,9.845769e-06,0.9996123,0.00010420445,5.909352e-06,3.3200578e-09,6.340994e-08,3.410968e-05,2.4112396e-05,5.5861256e-07,2.2814234e-08,1.15430945e-08,8.7342215e-08,1.5758714e-06,0.000110287,7.480486e-06,1.2227104e-06,2.2398257e-05,4.349044e-05,1.4218175e-07,2.9026828e-07,1.2458112e-06,3.42131e-06
CNS-Medullo,9.057963e-06,0.0008225003,2.4723872e-06,0.9983902,1.9704365e-05,9.972428e-06,2.3960272e-08,3.2106727e-06,0.0003683685,1.1560306e-06,1.3462151e-06,8.452347e-07,4.9868394e-08,1.0765119e-06,1.6593916e-06,0.00017039904,1.4971652e-06,7.3490646e-06,4.194661e-06,9.0179485e-05,1.2605736e-06,6.6292887e-07,8.760565e-05,5.1817456e-06
Ovary-AdenoCA,6.995604e-08,1.5002319e-06,2.2072617e-10,1.058124e-08,1.5191654e-16,4.9135757e-10,3.0210068e-13,8.27679e-11,2.2462718e-06,8.902857e-07,1.2877559e-08,8.57528e-12,3.8932312e-12,6.0218253e-13,6.719684e-11,1.6024815e-07,0.9999907,1.415408e-08,1.265196e-09,2.195948e-11,3.0881023e-10,6.3663483e-09,2.0024657e-09,4.394012e-06
Liver-HCC,1.9808163e-24,9.907633e-28,4.6448106e-24,1.6979751e-33,1.5111804e-38,2.3318018e-23,3.4247858e-34,2.0755092e-28,7.708709e-30,3.7732235e-24,1.0,9.780655e-31,2.8593086e-36,1.2047348e-24,1.3752301e-18,1.629341e-35,2.9850075e-28,2.6133425e-27,1.7672929e-14,2.1298838e-26,3.5862168e-26,7.910178e-21,7.507249e-30,6.2083926e-28
Breast-AdenoCA,0.0018496589,0.37631702,0.0012370576,0.021613602,0.0001268512,0.018019617,0.00027962824,0.016095605,0.30936313,0.01537292,0.024526738,0.004314117,9.9854864e-05,0.0008053404,0.004855074,0.0034680597,0.004619643,0.043704636,0.032777704,0.010733128,0.002623039,0.0032044055,0.10007617,0.003916985
CNS-Medullo,2.0870456e-08,2.1945752e-09,1.4068111e-07,0.9999995,9.761522e-10,2.9082564e-08,1.5790779e-13,7.2448963e-10,7.5506264e-08,1.5957913e-09,1.2938459e-08,1.2865066e-10,4.685787e-12,8.600044e-11,7.079728e-10,4.2031814e-08,1.07636176e-08,7.219294e-10,4.871769e-08,6.298757e-08,4.0079294e-11,3.71441e-10,3.9474654e-10,1.753356e-09
Lymph-CLL,1.137728e-11,8.066259e-18,1.0488795e-12,8.4700834e-19,8.430033e-15,1.7588828e-12,2.0488359e-17,1.0909888e-12,5.71731e-16,1.5542954e-18,1.0169143e-14,5.6901806e-15,4.5460047e-19,0.04690002,0.9530999,1.7199889e-18,3.5854383e-16,4.6140244e-17,7.011899e-14,9.8059323e-17,5.744284e-13,8.2719976e-15,1.5100992e-11,5.9082577e-15
Thy-AdenoCA,0.0060569393,0.113867156,0.0014171117,0.011319372,0.000100269244,0.003333996,0.00016033053,0.01268791,0.045035303,0.0012905337,0.0015937196,0.0031993529,0.00065725826,0.00044585002,0.00071191747,0.039168872,0.016892986,0.0039229603,0.016588854,0.00027578106,0.0077450564,0.00075808197,0.6733968,0.039373614
Prost-AdenoCA,4.142923e-08,2.409189e-10,2.4761548e-09,2.2432447e-09,2.481353e-11,4.2301497e-08,6.595589e-13,5.33731e-09,8.871058e-12,1.1104343e-08,6.979333e-07,1.9917202e-12,6.1678344e-14,1.7980065e-09,6.050722e-09,1.2253401e-11,1.3327345e-12,7.284872e-11,3.067473e-06,0.99999607,8.014441e-12,2.0488665e-08,2.3672335e-13,2.993343e-09
Liver-HCC,4.482313e-07,3.1449329e-06,5.079819e-07,1.2953629e-09,6.491819e-16,3.7893008e-06,5.04423e-11,1.6325611e-06,5.1145926e-06,0.0003261996,0.99948776,8.0972775e-09,2.4902164e-11,1.7432818e-08,1.0335378e-05,1.0737665e-09,3.701059e-08,2.0401449e-06,0.00012651442,1.486069e-07,2.280365e-08,2.9248527e-05,5.022507e-10,2.95498e-06
Kidney-RCC,1.9782153e-06,6.572532e-07,1.2080007e-07,4.423424e-06,3.8294118e-11,5.85358e-07,5.1703475e-10,1.0792061e-06,4.094617e-06,0.99934846,3.2939864e-05,2.1254798e-09,8.121571e-10,5.1553495e-10,1.5251295e-08,1.3848098e-06,4.099458e-06,2.8691096e-05,0.0005554316,1.2014129e-05,6.5451036e-09,9.903805e-07,4.4241222e-07,2.5625802e-06
Stomach-AdenoCA,0.02320816,0.02529401,0.018288245,0.017779162,0.03863261,0.036741845,0.04388026,0.027487842,0.06758646,0.0036881743,0.014909376,0.07879664,0.0060284035,0.015198893,0.026279796,0.026676811,0.0116962185,0.060331687,0.15742977,0.0049847844,0.017686782,0.057083633,0.20642893,0.013881496
Prost-AdenoCA,1.3972741e-13,5.51137e-16,2.4791923e-14,3.960958e-11,1.1676749e-14,2.5011114e-14,1.1804586e-19,7.79925e-15,4.890428e-16,1.1580175e-15,3.6115886e-14,7.550581e-17,1.4742933e-17,2.5701444e-15,3.1354754e-14,4.2938644e-16,2.6099186e-17,3.3084433e-19,1.3412244e-15,1.0,5.2798687e-17,7.8279456e-17,4.540498e-19,3.4519716e-14
Panc-AdenoCA,3.2799736e-07,6.874129e-08,4.922943e-08,3.8256954e-07,5.299379e-11,4.3378103e-07,2.8985512e-06,4.1649847e-07,2.2701836e-06,2.4039747e-07,1.80392e-08,6.5592344e-06,6.067332e-09,2.9225427e-09,5.990761e-08,2.518944e-06,1.0514008e-06,0.9999546,2.5931092e-07,4.100006e-07,1.7623936e-09,2.685905e-05,2.4838073e-07,2.704981e-07
Kidney-RCC,0.00011082151,3.0540592e-05,1.0454354e-06,5.3246265e-05,3.891096e-10,4.896071e-06,1.889873e-10,1.4469047e-06,2.6555796e-05,0.9992736,3.4558514e-05,3.28282e-09,8.064054e-10,5.484435e-07,9.1115865e-08,8.0961445e-07,1.6232738e-05,5.144206e-07,0.00038174234,1.7916209e-05,5.8205507e-07,6.4567183e-07,5.4037832e-06,3.8962753e-05
Eso-AdenoCA,2.6554277e-34,0.0,0.0,0.0,0.0,4.2377846e-17,0.022173753,6.6612424e-27,0.0,1.939877e-36,3.62346e-30,1.3289566e-20,0.0,7.562267e-28,0.0,0.0,0.0,5.778572e-17,8.2110886e-26,5.094617e-38,1.4124359e-33,0.97782624,0.0,2.674187e-31
Skin-Melanoma,0.0,0.0,0.0,0.0,0.0,0.0,0.0,0.0,0.0,0.0,0.0,0.0,0.0,0.0,0.0,0.0,0.0,0.0,0.0,0.0,1.0,0.0,0.0,0.0
Prost-AdenoCA,0.010985658,0.0048540216,0.002589492,0.03117185,0.006682197,0.0036388556,0.0016205251,0.0024734447,0.005920025,0.0005401547,0.0010700052,0.0073835077,0.0005704392,0.00076491997,0.0023024904,0.02628321,0.0006668926,0.05861778,0.00032702775,0.8202689,0.00033438063,0.006536031,0.0012860056,0.0031122258
CNS-Medullo,4.5338882e-05,2.3928531e-05,5.749382e-05,0.9981963,0.00048135224,2.4883919e-05,2.3670309e-07,3.6393533e-06,0.00037733803,2.7389571e-05,7.597907e-06,2.657595e-06,1.4902995e-06,1.4051003e-06,2.5787382e-05,0.00025122424,0.00010830358,1.9221981e-05,1.5193981e-05,0.00026342695,1.840655e-06,3.0147082e-06,2.5052886e-05,3.5953126e-05
Prost-AdenoCA,0.00060943374,0.00013342452,4.7312868e-05,0.00027661765,0.00019990503,3.8050945e-05,2.4482063e-06,3.764029e-05,5.887665e-05,0.00016730557,7.781975e-05,3.1414176e-05,2.5965943e-05,6.894957e-06,2.9699546e-05,2.6861899e-05,1.9302544e-05,5.8383433e-05,3.6643418e-05,0.9979627,5.337602e-06,5.485681e-06,5.2175106e-05,9.0313646e-05
Liver-HCC,0.0,0.0,0.0,0.0,0.0,2.900037e-31,0.0,9.3151977e-38,0.0,1.4341382e-32,1.0,0.0,0.0,2.6653603e-37,4.1106485e-32,0.0,0.0,0.0,8.2919445e-29,6.075483e-35,0.0,6.3078832e-31,0.0,0.0
Kidney-RCC,3.0149279e-06,4.1105257e-09,1.3182334e-07,6.15375e-06,4.3963932e-10,8.429905e-06,2.3403073e-09,1.9013487e-07,2.6100026e-05,0.9995122,7.200791e-06,8.496527e-09,4.3197385e-10,7.7383056e-08,7.253472e-07,1.0385908e-06,1.8238541e-05,4.366112e-05,0.00032623525,3.9319577e-05,7.657577e-09,2.3672092e-06,1.880732e-07,4.705293e-06
Lymph-CLL,4.409225e-07,1.3039554e-10,4.6807668e-07,2.060939e-11,1.1284569e-08,5.2673266e-07,1.4785823e-09,7.418338e-07,1.1870527e-09,1.0753828e-09,2.448252e-07,1.44117545e-08,6.5974205e-11,0.023247432,0.9767492,8.1730644e-10,2.113867e-09,1.21678e-09,1.1490781e-07,1.7745106e-07,3.5135994e-08,7.000931e-07,9.572633e-09,3.7653436e-09
Kidney-ChRCC,0.008262045,0.04285703,0.0008451922,0.00017275965,2.0422123e-05,0.0016643972,7.905875e-06,0.00027457043,0.86831087,0.0003128955,0.0015678158,0.033884566,4.186062e-05,0.00018019875,0.00020952699,0.0016220696,0.004303832,0.00044570878,0.0053075715,0.0002849303,0.0010581465,0.000347318,0.017327067,0.010691325
Panc-AdenoCA,7.146965e-10,3.9335195e-11,1.7221403e-09,1.1100099e-08,1.101046e-12,1.6880308e-07,5.350564e-06,1.9664805e-08,3.2772147e-07,8.244496e-11,4.2455403e-10,5.2260026e-07,1.0921475e-10,7.261006e-11,7.225242e-10,1.7387104e-07,2.8723807e-10,0.99997425,1.4153327e-09,2.6830994e-06,1.6235234e-12,1.6452663e-05,7.78165e-11,9.550285e-09
Panc-AdenoCA,4.0810324e-09,2.3855013e-11,4.3494928e-09,8.4135095e-11,9.673824e-16,0.00021559633,2.3601058e-05,3.470709e-07,2.3819133e-08,1.061147e-08,5.283752e-07,4.386651e-07,6.8091904e-12,9.8665815e-08,2.5912905e-07,1.6337585e-10,3.3736063e-11,0.9988864,4.2790316e-07,5.3021516e-09,2.6254549e-10,0.00087222137,6.470742e-10,5.353336e-09
Liver-HCC,1.7580815e-32,7.39938e-30,7.642554e-33,0.0,0.0,4.1138455e-26,2.6076217e-38,1.2500412e-27,2.3203536e-32,6.3062456e-24,1.0,2.4656894e-34,0.0,4.0613055e-30,1.2860692e-23,0.0,3.017176e-36,1.0968795e-28,6.378885e-22,2.2668925e-28,4.308726e-33,1.8755977e-26,2.678748e-34,1.5999962e-30
Panc-AdenoCA,2.2531196e-06,6.111951e-05,2.6514003e-08,2.459671e-07,7.49782e-15,4.744243e-05,3.5061628e-06,0.0001728712,9.114177e-08,0.00044189402,6.645826e-05,2.872644e-06,2.1209149e-07,1.6459835e-07,1.5374314e-07,3.584433e-07,1.7345918e-05,0.9976739,9.4465456e-08,0.00053071073,1.0070858e-08,1.5078647e-05,2.5193467e-08,0.0009632537
Liver-HCC,2.8915833e-18,5.1201553e-18,1.1702008e-18,1.4593999e-22,1.2423205e-28,1.3236016e-13,1.0903919e-21,9.633759e-16,2.0150806e-18,2.8764138e-13,1.0,1.00902205e-19,3.7646403e-24,5.81533e-16,5.567086e-14,1.08009494e-23,2.0171253e-19,1.8889606e-18,8.929762e-12,6.6946738e-18,5.9314466e-18,7.39447e-15,4.4284e-20,7.390909e-17
Thy-AdenoCA,0.010998782,0.009215321,0.0023089496,0.01996734,0.06487684,0.0024845905,0.00030283435,0.0028117164,0.052247502,0.0026191764,0.0024539563,0.0025818697,0.0004809821,0.00027222958,0.007020411,0.018381238,0.007421803,0.010937945,0.022027992,0.014875987,0.0008055242,0.0016823432,0.7422221,0.0010025708
Ovary-AdenoCA,4.6349773e-09,3.4113305e-07,5.0531248e-14,4.6616387e-12,1.0762675e-27,4.214049e-13,1.7884638e-20,1.0868614e-14,1.7757036e-09,6.6403977e-06,1.7373325e-11,2.3405152e-17,7.8577675e-18,2.1768199e-17,1.0067203e-16,1.2832541e-11,0.99999213,6.78732e-11,9.671934e-14,4.5690334e-16,1.1508934e-12,1.0603741e-12,6.6652445e-13,9.176923e-07
Panc-AdenoCA,7.123929e-14,6.1534814e-12,4.5618122e-21,5.1619352e-15,2.306277e-33,2.166016e-12,2.369704e-17,2.4342388e-13,5.2390557e-11,1.0803591e-07,5.2839162e-14,4.2096062e-17,3.9200663e-21,6.615557e-21,2.8831445e-19,1.8635526e-14,7.948686e-09,0.9999999,3.15629e-14,2.670886e-15,3.448828e-20,3.73903e-12,3.3689812e-16,7.603102e-12
Liver-HCC,1.0482733e-33,5.2533803e-28,2.95536e-33,0.0,0.0,8.454392e-29,0.0,1.8444827e-28,2.081773e-36,1.9700418e-30,1.0,3.6366333e-36,0.0,1.0334958e-31,6.982148e-28,0.0,0.0,3.2634156e-36,2.5293658e-27,3.0332392e-29,6.7453604e-31,1.6607724e-29,1.8160515e-37,2.10026e-31
Skin-Melanoma,1.5189125e-06,1.3466082e-05,8.789483e-09,3.0416468e-12,4.701795e-15,8.528814e-09,5.8729313e-07,1.6469527e-07,3.1956606e-08,2.6793973e-10,5.4152732e-08,2.494668e-07,3.1737912e-09,2.4199555e-06,8.223023e-09,2.782906e-08,1.8079753e-07,1.9678433e-08,6.6712973e-09,2.7369587e-10,0.9966994,0.0032815195,1.3452269e-09,1.9364785e-07
Panc-AdenoCA,0.00014608624,0.00014114256,2.8745986e-05,1.5879174e-05,3.0152634e-09,0.00082026207,0.00095708674,0.0005519345,6.0165137e-05,5.4882483e-05,1.7946146e-05,0.008087112,2.6002448e-05,7.013922e-05,5.0432496e-05,0.00015269696,1.8565734e-05,0.98538196,1.5993493e-05,0.00011103125,1.644281e-05,0.0027451648,5.4147e-05,0.00047612275
CNS-PiloAstro,0.004119978,0.00043241604,0.005437772,0.026165172,0.89490074,0.0014880075,0.0009236386,0.0007244683,0.009690063,0.0003545123,0.00030327644,0.0012053482,0.00029356655,0.0008983604,0.0016033244,0.030872004,0.0016651026,0.0031972588,0.0022525333,0.0022263753,0.0005141693,0.004959765,0.0043683597,0.0014037986
Lymph-BNHL,2.8025073e-21,1.6739568e-30,1.8596277e-23,8.331961e-36,8.949651e-33,7.810284e-18,1.900968e-25,1.4006533e-19,1.0614462e-28,1.1064395e-29,1.0981539e-25,2.4654962e-23,2.4823396e-32,1.0,2.3771946e-15,2.2514286e-31,6.078973e-31,1.5481148e-31,2.3397141e-23,1.9815408e-25,3.8505754e-19,1.432737e-19,1.25239026e-26,1.1694648e-25
CNS-GBM,1.9613132e-08,7.8750966e-15,1.0,9.4272125e-12,4.8077435e-09,2.7202823e-16,2.5589684e-18,6.8641644e-17,4.5162322e-13,5.058943e-17,3.4591803e-15,5.6971333e-12,2.2174886e-15,5.1920944e-14,2.4434122e-13,1.8980314e-12,4.9579234e-14,4.5846624e-15,1.2019445e-08,4.642518e-12,1.8167399e-12,3.0095956e-13,3.434646e-14,2.1642219e-14
Breast-AdenoCA,2.350293e-11,1.0,2.259318e-16,1.2786696e-13,5.6475553e-25,5.87543e-14,1.13405105e-17,2.3622398e-10,1.6504958e-15,9.268341e-15,5.988105e-13,4.199124e-14,5.7253085e-14,1.1278608e-16,1.210274e-20,6.990713e-14,6.2025103e-13,5.0713676e-13,5.6743287e-19,7.1687543e-12,4.784683e-12,1.0983234e-14,2.4948828e-15,8.651372e-09
Lymph-CLL,7.277431e-06,2.4979183e-09,1.7893946e-06,1.7500246e-10,1.1864806e-06,1.8293935e-06,1.0736167e-08,1.0170511e-06,6.4554754e-08,2.2541558e-09,2.3773238e-07,4.7935407e-07,5.413845e-10,0.06595261,0.93402433,2.7072735e-09,3.5887786e-09,2.303141e-08,1.1169566e-06,4.787942e-06,1.0955105e-06,5.194608e-07,1.6529178e-06,6.981551e-08
ColoRect-AdenoCA,0.0,0.0,0.0,0.0,0.0,1.0,0.0,0.0,0.0,0.0,0.0,0.0,0.0,0.0,0.0,0.0,0.0,0.0,0.0,0.0,0.0,0.0,0.0,0.0
Panc-Endocrine,0.0005598117,0.00012258293,0.00059239205,0.00011147963,0.00037008544,0.0003256246,3.5835822e-06,0.0004125699,0.0002467133,0.00027557867,0.00044010056,5.0288627e-06,1.3210926e-06,0.00010219396,0.00027563388,0.0005144595,7.342967e-05,2.2525594e-05,0.9919802,7.810226e-06,0.00022161876,0.0005583346,0.0027287833,4.8154423e-05
Skin-Melanoma,0.0,0.0,0.0,0.0,0.0,0.0,0.0,0.0,0.0,0.0,0.0,0.0,0.0,0.0,0.0,0.0,0.0,0.0,0.0,0.0,1.0,0.0,0.0,0.0
Lung-SCC,3.533206e-05,0.9940556,2.5950547e-08,1.7989473e-07,8.8614466e-14,3.4840363e-05,1.3542426e-07,0.0022698196,0.00017766932,2.3947236e-05,2.86882e-06,7.368934e-05,1.6771527e-06,5.0749622e-06,5.2260116e-08,6.210323e-06,1.13296e-05,0.00086229166,6.915782e-07,1.4861435e-07,7.8150464e-05,1.9151948e-06,2.606085e-05,0.0023323176
Panc-AdenoCA,4.7897815e-06,2.1508738e-06,1.5549128e-07,3.847317e-08,1.2195182e-12,1.9647946e-06,1.2103669e-05,4.1407392e-07,2.2546683e-06,1.7230398e-07,6.142958e-07,5.317304e-06,3.345516e-08,2.0156106e-08,1.4821333e-08,1.6534266e-06,2.0034423e-07,0.9998307,1.0842464e-06,3.339429e-07,3.7118674e-08,0.00013523799,1.7870406e-08,6.642065e-07
Uterus-AdenoCA,2.7353696e-11,1.0131931e-10,1.012877e-16,6.0882506e-08,8.610517e-32,2.5167677e-13,3.5527136e-24,2.9936162e-15,6.131362e-10,0.00015792197,1.6351241e-12,2.6932308e-17,6.8563942e-18,2.1415106e-19,4.3882293e-20,6.1962373e-09,0.013359798,8.170924e-09,2.6230698e-14,6.2388512e-15,9.557766e-18,9.798764e-18,2.4270808e-11,0.98648214
Stomach-AdenoCA,4.1219337e-12,7.700856e-13,8.097499e-14,8.887325e-18,5.324246e-24,1.5420263e-05,0.00037157838,1.1451614e-06,7.5515406e-11,4.1926925e-13,3.6861583e-11,9.436227e-12,3.9941622e-16,3.7361028e-07,1.0968577e-11,1.6120381e-11,1.2886049e-13,4.194795e-06,4.6412154e-09,6.1840745e-12,1.1986535e-10,0.99960726,1.3053492e-14,2.3024158e-09
CNS-GBM,5.686742e-05,2.3309188e-10,0.99979585,5.4087907e-09,0.0001261151,2.7153502e-10,2.417486e-12,5.503351e-10,4.0062098e-08,5.8180766e-10,3.9726872e-10,1.6947685e-07,4.2537533e-11,9.697419e-08,3.2887203e-07,8.2516225e-09,1.2625181e-08,6.0719924e-10,1.1509208e-05,1.13542665e-11,3.501043e-08,8.253669e-09,9.006249e-06,1.4524143e-09
Liver-HCC,0.0,2.0455636e-34,0.0,0.0,0.0,0.0,0.0,0.0,0.0,0.0,1.0,0.0,0.0,0.0,0.0,0.0,0.0,0.0,1.8753359e-38,0.0,4.8457143e-37,1.0135737e-35,0.0,0.0
Lymph-CLL,8.184742e-09,6.489397e-14,5.416307e-10,2.73991e-12,1.8580242e-10,2.4641467e-09,8.7284414e-14,2.6590918e-10,1.589795e-10,1.951366e-12,5.968228e-11,1.333598e-11,2.8332763e-15,0.0013851764,0.9986148,2.4168833e-12,5.791767e-12,1.4053063e-13,6.494355e-09,1.547163e-11,9.1869506e-10,1.4072048e-10,3.3788605e-09,4.517928e-11
Kidney-RCC,0.0028857193,0.00016252478,0.0003299938,0.0010787491,1.548209e-05,0.030189766,3.6575315e-05,0.008266502,0.020316754,0.68509305,0.0071091973,3.0727682e-05,1.4008186e-06,0.007477631,0.007493111,0.0077909376,0.0015703911,0.00090955384,0.14274126,0.022599597,0.0022130907,0.014450191,0.0019544598,0.035283387
Liver-HCC,1.1170029e-30,4.050916e-26,2.7766879e-31,0.0,0.0,3.325861e-23,1.698227e-34,5.66784e-26,4.620946e-34,6.545327e-27,1.0,2.5608444e-32,0.0,1.6197686e-25,7.1295285e-22,0.0,1.0976451e-36,1.0578557e-30,5.456529e-20,5.1264668e-26,3.5483306e-27,4.212389e-23,4.6821427e-35,6.675863e-30
Eso-AdenoCA,5.0008184e-06,2.3941445e-07,1.3543477e-07,4.6322488e-10,3.4273406e-13,2.2620065e-06,0.97179776,3.8315884e-06,6.642022e-07,6.671513e-08,1.0913576e-07,0.00011251998,1.2891526e-06,1.5499579e-07,7.394685e-08,3.6981803e-06,1.9594806e-06,0.009232156,4.879967e-05,1.6417893e-09,4.6642995e-06,0.01878384,1.7005814e-08,8.06601e-07
Breast-AdenoCA,1.1438055e-08,0.9999999,5.276404e-10,1.0720835e-09,2.8545014e-14,4.274568e-10,2.885841e-11,1.7493559e-08,2.900965e-09,3.269932e-10,5.7490492e-08,1.7341529e-09,9.207417e-10,1.1026741e-11,3.9715033e-11,2.5257813e-10,4.2967116e-10,3.8340318e-09,6.145324e-10,2.6861289e-09,2.5201391e-08,6.798859e-09,4.743651e-10,1.4197219e-09
Panc-Endocrine,9.095103e-05,2.2477175e-06,2.6829747e-07,4.5813152e-07,9.954899e-08,4.2893344e-06,9.419415e-11,5.124912e-07,5.362934e-05,5.5935918e-05,6.326099e-05,1.788474e-09,3.9104154e-11,6.564002e-07,1.0752403e-07,1.8126478e-07,4.009489e-08,1.1429848e-09,0.99968326,5.510627e-07,2.569776e-06,2.4775863e-07,3.8823946e-05,1.8983193e-06
Skin-Melanoma,0.00016825457,0.92413694,4.6368978e-06,5.4664933e-06,7.718693e-14,4.377359e-06,3.2135365e-08,3.3281856e-06,0.0014375405,1.2374887e-05,5.311023e-05,4.3422045e-08,2.318399e-10,8.7288186e-08,1.107449e-07,1.5684853e-05,8.507907e-05,0.0041738395,1.744094e-05,1.8708567e-08,0.016144086,0.05373262,1.8995185e-07,4.7813614e-06
Liver-HCC,7.601411e-09,3.5832946e-07,4.5863082e-09,1.0243523e-11,1.4753133e-13,3.0312376e-07,2.9395106e-10,7.15588e-08,8.528291e-09,9.573033e-08,0.99999535,7.978878e-09,9.614538e-11,1.4824762e-08,2.109385e-07,1.8931967e-11,4.828591e-09,9.878114e-09,2.6689893e-06,9.334234e-09,1.2428718e-07,8.0157844e-07,7.7297955e-09,3.9038607e-08
Kidney-RCC,1.1923836e-06,1.8268157e-07,2.1261442e-08,1.0118896e-06,4.2269774e-13,2.990645e-06,9.945735e-11,8.135073e-07,2.5039886e-05,0.999912,2.2969314e-06,7.8789085e-08,5.313062e-10,3.5017305e-08,3.667095e-08,5.1095075e-08,1.3832057e-05,1.9054918e-05,8.865219e-07,7.4844206e-06,9.999133e-10,5.6313176e-08,4.2052937e-07,1.2392628e-05
Kidney-ChRCC,0.0001089281,4.8704155e-06,2.8078246e-05,0.0006557794,1.8074134e-08,1.9278968e-05,2.0980444e-08,7.0383376e-06,0.9977319,0.00045548097,3.8020997e-07,1.7023789e-05,5.9602772e-08,1.3616816e-06,1.9900111e-07,2.9089337e-05,0.0003107245,0.00024979492,3.507335e-05,6.4350893e-06,1.344695e-06,2.284861e-06,0.00018657104,0.00014817569
Lymph-BNHL,5.2761227e-21,2.3084666e-31,2.5869291e-23,1.0424292e-33,1.0103293e-27,2.2382477e-21,4.4438796e-33,2.374914e-23,9.088026e-28,2.2063923e-34,7.7297555e-28,1.2418602e-25,1.746125e-35,0.99999416,5.860444e-06,2.7395201e-32,6.971587e-30,4.2307823e-33,1.2503405e-25,8.065655e-28,1.6956382e-22,9.509544e-27,1.1385768e-20,4.9692438e-26
Prost-AdenoCA,4.308172e-06,1.6671803e-06,9.2998266e-07,4.7392175e-05,3.4188344e-07,1.9974632e-06,5.624587e-08,6.0296156e-07,3.3348692e-07,4.515737e-07,5.1442487e-07,2.2876623e-06,2.8557636e-07,7.3668744e-08,1.7279638e-07,1.7031107e-07,1.1808967e-07,1.8566036e-05,9.299467e-08,0.99991584,1.2517399e-08,3.0042187e-07,3.0423852e-08,3.478903e-06
Thy-AdenoCA,0.001422297,7.544431e-05,0.00010607147,2.0445614e-06,4.6449492e-07,0.0019240098,5.0926637e-06,0.021349391,0.009522887,0.0015046365,0.0006927776,0.0039754747,7.162843e-05,0.003791007,0.010407836,0.0001581837,0.0005972971,6.3002546e-05,0.00259832,0.00028028022,0.0007766918,1.3086772e-05,0.9321507,0.008511325
Liver-HCC,6.171921e-17,1.2275782e-16,3.862538e-18,2.3599274e-23,4.4538326e-26,5.141436e-16,1.8718998e-21,1.3607356e-15,4.3925493e-19,1.245546e-15,1.0,3.7518433e-21,3.9937627e-25,1.4143305e-16,2.399729e-13,9.3976e-25,2.2429018e-21,3.5290432e-18,2.6237823e-11,3.0403837e-16,9.6061535e-18,4.71701e-13,4.0894963e-20,8.218083e-18
Ovary-AdenoCA,6.3075154e-06,1.1564534e-07,2.4071628e-06,1.1682785e-06,4.6155985e-11,3.4829438e-07,8.010094e-09,1.4842819e-08,1.6145091e-06,2.8216771e-05,9.7661875e-08,4.5307348e-07,1.5292543e-06,9.989527e-09,1.4019548e-07,6.639301e-06,0.99975544,4.319291e-06,5.146314e-07,6.419051e-10,4.4027612e-07,4.744423e-08,1.11179415e-05,0.00017898959
Kidney-RCC,5.974219e-05,4.964854e-06,3.769037e-06,8.20038e-06,5.8329405e-08,6.3762534e-05,1.978409e-08,3.0042493e-05,0.00017582078,0.9929301,0.0013940233,8.648871e-08,2.682701e-08,8.345563e-06,3.7558293e-06,3.283493e-06,2.4077008e-05,2.679426e-06,0.0049777403,0.0002050455,3.5392175e-06,4.221099e-05,4.66319e-06,5.3967473e-05
CNS-GBM,1.629062e-07,1.2800779e-13,0.99999464,1.0588389e-08,5.256824e-06,9.897041e-13,8.287104e-19,5.78465e-14,2.4401076e-12,3.160044e-14,1.0093681e-13,5.536433e-10,3.7444162e-14,4.303888e-11,4.3920934e-10,5.856264e-11,4.0942675e-12,2.4689013e-14,3.466669e-09,7.2831594e-09,3.5937483e-12,9.427918e-12,4.0136987e-12,9.557189e-12
Prost-AdenoCA,0.005240107,0.012928191,0.008895193,0.3711125,0.042929288,0.015457905,0.0017564015,0.0036938477,0.06537039,0.0015143835,0.0010585721,0.008616547,0.0009458744,0.0015996879,0.002968213,0.034757122,0.0013337439,0.037692126,0.0026970892,0.36100605,0.001136351,0.007935565,0.0052800425,0.0040748357
Breast-AdenoCA,3.063988e-06,0.9998541,2.2059238e-11,3.801349e-09,1.1339407e-19,1.0889821e-09,4.2650294e-13,6.769699e-09,1.9042298e-05,1.4023132e-06,4.880612e-08,5.471293e-12,2.9375174e-12,8.169928e-13,1.6151263e-11,1.6187833e-08,0.0001166243,1.8845313e-08,1.7379476e-11,9.64856e-11,8.208753e-07,7.8848565e-08,9.421084e-10,4.782339e-06
Lung-SCC,0.0,0.0,0.0,0.0,0.0,0.0,0.0,0.0,0.0,0.0,0.0,0.0,1.0,0.0,0.0,0.0,0.0,0.0,0.0,0.0,0.0,0.0,0.0,0.0
Eso-AdenoCA,3.370943e-14,2.6060579e-20,4.285592e-15,7.713003e-25,1.4343245e-34,0.31163496,1.9671143e-05,1.0371599e-09,6.7372683e-16,3.0065713e-12,4.6075865e-10,9.200311e-12,1.0443694e-21,3.8796e-06,6.133335e-12,2.0766637e-17,4.1872563e-16,3.6233254e-07,1.4977502e-06,3.685214e-18,1.2854023e-14,0.68833965,5.3890995e-20,2.1381918e-13
Liver-HCC,4.4163695e-05,0.00038056113,5.2702067e-06,7.560945e-08,5.92143e-10,9.455207e-05,3.2674077e-07,4.4426256e-06,7.780857e-06,1.5405994e-05,0.98794204,7.247851e-05,1.0173529e-07,3.8855173e-06,8.9366564e-05,1.3323123e-06,3.63758e-05,4.2232983e-05,0.010610827,1.5411233e-06,5.1041905e-05,0.00056915224,5.6399213e-06,2.1482303e-05
Kidney-RCC,4.3158116e-12,3.065827e-11,2.0738665e-13,6.8674316e-11,9.395036e-21,1.2517233e-08,1.3464251e-18,1.537812e-11,1.6029759e-09,0.99999976,1.1389426e-07,7.390573e-16,1.9531506e-17,6.0545996e-13,7.689178e-11,4.060273e-12,8.7626084e-08,5.980978e-10,1.782589e-09,4.1374754e-11,2.2797004e-13,5.0555883e-12,2.4212939e-11,5.0139693e-08
Lymph-BNHL,6.607383e-22,2.2026041e-34,7.268225e-24,1.7830895e-35,4.4503906e-31,3.913371e-22,6.897703e-34,4.4068566e-23,1.1872395e-30,1.7386717e-34,9.598842e-30,1.075978e-24,1.0222951e-35,1.0,7.849581e-13,5.195124e-37,2.6154088e-33,1.196434e-35,6.0710334e-28,6.4421586e-26,7.8725035e-25,4.34437e-28,2.8522122e-24,1.25890385e-27
CNS-PiloAstro,1.2481073e-06,1.6207913e-07,3.0067154e-06,5.011914e-05,0.9998915,7.384927e-08,4.210221e-08,8.823644e-08,1.1849309e-06,6.4582957e-09,4.0602057e-08,5.5560434e-07,6.0627066e-08,6.0343964e-08,7.493412e-07,8.19636e-06,2.0284735e-07,7.138725e-08,8.139395e-08,3.99885e-05,6.873303e-08,5.3832946e-07,1.5442522e-06,2.7279154e-07
Panc-AdenoCA,2.5268074e-09,4.0100182e-10,2.5384588e-09,1.8985388e-10,2.9020907e-14,2.6783027e-07,7.434234e-05,3.7179284e-08,6.009784e-09,5.6521237e-09,2.5185088e-08,4.2993697e-06,9.47936e-10,9.1611824e-10,6.914699e-09,3.428317e-09,4.231461e-09,0.9998753,1.0723703e-07,3.5601172e-08,2.5699629e-10,4.5514866e-05,1.3773854e-09,1.9255495e-08
Head-SCC,0.000106015854,0.009385975,1.0740044e-06,1.019137e-06,1.4146531e-09,0.00068644935,6.1403574e-05,0.9872299,0.00010006441,7.783683e-06,0.00016558456,0.00016209576,1.7804732e-05,0.00014077968,8.797161e-06,6.88503e-07,1.1714087e-06,4.7224996e-05,6.2346244e-06,4.8611248e-05,0.00017328536,7.58842e-05,0.0003638055,0.0012083288
Skin-Melanoma,8.72017e-09,5.4650023e-10,8.819776e-10,2.7523826e-17,1.788856e-20,4.9730784e-09,5.2012247e-13,3.386245e-09,3.450659e-11,4.6396856e-15,3.3915565e-10,4.7946918e-09,7.548988e-15,5.895928e-06,1.6641816e-09,2.8609474e-15,5.7152985e-15,9.460063e-16,9.391374e-11,1.5556224e-10,0.9999558,3.836943e-05,3.2185632e-12,7.823623e-11
Prost-AdenoCA,1.8365462e-07,2.3586317e-06,5.5254187e-08,1.6537739e-05,1.2586989e-08,2.3851035e-08,1.3116843e-11,4.1154085e-09,4.916695e-07,1.8459914e-09,1.8816186e-08,1.128172e-08,4.371251e-11,1.2522614e-09,5.7035926e-10,7.484323e-08,6.8454964e-11,1.9448574e-08,1.349447e-08,0.9999801,2.6233712e-10,9.249043e-09,4.6260936e-11,2.3830617e-08
Panc-AdenoCA,1.5359942e-06,5.606356e-07,3.997617e-07,7.483129e-08,7.1801523e-12,3.6053825e-05,0.00041949924,9.921868e-06,4.9541377e-06,1.8700626e-07,2.168814e-07,0.00040802866,1.110581e-07,7.560807e-07,3.957756e-07,4.2709867e-06,1.532251e-07,0.997335,5.1943385e-08,4.412613e-06,1.4342726e-07,0.0017311994,3.1528202e-07,4.1681462e-05
Kidney-ChRCC,0.0016385735,0.001225536,0.0030211504,0.09070109,0.03806725,0.00056696264,7.5964665e-05,0.00015774116,0.71717805,0.00079515565,8.602016e-05,0.0018670332,2.1938959e-05,7.447762e-05,0.0012689966,0.014484403,0.0036343548,0.016701754,0.007401247,0.0018655531,0.0002334841,0.0021349576,0.09631772,0.00048057735
Panc-Endocrine,0.013761336,0.0007627529,0.0023451743,0.0040500658,0.0008979484,0.0020963997,0.00013142145,0.0011679337,0.009542844,0.09857208,0.0050189784,5.9345297e-05,0.00010321518,0.00086483755,0.006301633,0.0015188644,0.011797368,0.0034965111,0.8107737,0.00047023135,0.0007358087,0.0012799187,0.021361742,0.00288991
Lymph-CLL,0.0005747429,0.00013863521,0.001643507,0.00084554637,0.0011755808,0.0037858367,2.8308012e-05,7.682985e-05,0.00097003224,4.8380112e-05,0.0026331472,0.0009587717,3.6217425e-06,0.005289077,0.9580296,0.002185299,0.0001959546,0.0002463902,0.00524151,0.0011818504,0.00041448078,0.0028737762,0.011219583,0.0002395902
Prost-AdenoCA,1.2888272e-05,5.343502e-07,6.6878556e-07,8.355041e-08,1.3136441e-09,1.1141043e-06,2.6020748e-09,7.278628e-07,1.0544667e-06,1.0981977e-06,1.10393245e-07,2.632189e-06,3.2228883e-08,8.903472e-07,9.0603424e-07,3.4768526e-08,2.8250537e-07,9.7630036e-08,9.3521884e-08,0.9999596,3.6003737e-08,2.0681792e-08,1.1462486e-07,1.688478e-05
Panc-AdenoCA,4.0819107e-14,3.104738e-14,8.471595e-15,1.00708036e-11,7.449767e-22,4.081847e-11,1.9847173e-11,2.992829e-13,6.637745e-12,4.238792e-12,5.6522394e-15,9.364185e-12,4.675477e-16,3.189163e-17,3.5976626e-16,1.08864775e-11,7.21982e-14,1.0,4.0083764e-14,4.3113323e-14,9.36571e-18,7.865145e-11,4.322957e-15,3.9180795e-13
Thy-AdenoCA,0.00018312561,0.00015172572,0.0004786046,0.00035783154,0.99053967,7.042052e-05,5.378479e-05,8.216311e-05,0.00011655524,6.6185235e-06,9.1107126e-05,0.00018432109,2.6103078e-05,4.8969745e-05,0.00015507337,0.0038113897,5.2837036e-05,7.414887e-05,0.0009809223,0.00033176754,6.2366526e-05,0.00035901953,0.0017041364,7.7372286e-05
CNS-Medullo,2.6832063e-06,1.7584574e-05,5.9871936e-06,0.99892175,0.00073505205,8.613501e-07,5.5323106e-09,3.065731e-07,0.00014037045,1.3888929e-08,7.155933e-08,9.635216e-07,5.0617763e-09,1.4497405e-07,8.5838155e-07,8.036495e-05,5.9869336e-07,4.2833597e-07,2.4812772e-07,6.0634593e-05,1.4439702e-07,1.9862462e-06,2.8089087e-05,9.016753e-07
Panc-AdenoCA,1.5765587e-18,2.1678603e-19,2.8984176e-19,8.015953e-20,2.9555014e-29,2.6200327e-14,1.851361e-11,1.2293824e-16,7.9595024e-17,2.1642505e-18,2.0530782e-17,2.2332392e-12,1.65704e-20,4.0208914e-20,1.1379327e-19,1.4746589e-17,1.8453084e-18,1.0,9.0680105e-17,6.390832e-18,7.398059e-21,7.157633e-12,1.754851e-18,2.288418e-17
CNS-Medullo,0.005304585,0.0026311453,0.0033901862,0.38890982,0.527494,0.00070157147,0.00014532177,0.0001563569,0.0053969785,0.0002364525,0.00012373697,0.0003492907,0.00014034106,8.9928406e-05,0.00051945285,0.029795205,0.0011267691,0.004007847,0.0017097904,0.024217667,0.00024545795,0.00093760964,0.0018159152,0.0005545266
Kidney-RCC,0.0005803291,0.00051628216,1.19167025e-05,0.021148723,1.686808e-08,0.00041693338,1.137999e-07,0.00037130772,0.009648273,0.95301676,0.0071824123,2.7922604e-07,8.665939e-08,1.0339902e-05,0.0003203198,0.0002489769,0.0025344132,0.0007726524,0.0024067098,6.024551e-05,8.240442e-06,0.00031340102,7.387815e-05,0.00035734905
CNS-Medullo,1.6132512e-05,1.3193745e-07,5.192582e-05,0.9131702,0.01264288,3.8963113e-05,3.4751109e-09,5.8845393e-07,5.294992e-05,1.3538098e-06,2.5597058e-06,1.8089427e-06,1.2346426e-08,1.1905453e-06,9.703455e-05,5.6193817e-06,5.701794e-07,6.5041468e-06,1.999261e-05,0.073842146,1.5222041e-07,2.2839433e-06,2.908608e-05,1.5902271e-05
Skin-Melanoma,0.0,0.0,0.0,0.0,0.0,0.0,0.0,0.0,0.0,0.0,0.0,0.0,0.0,0.0,0.0,0.0,0.0,0.0,0.0,0.0,1.0,0.0,0.0,0.0
Uterus-AdenoCA,0.0016775457,5.20536e-07,3.6471723e-05,3.3856807e-07,2.625295e-10,1.4539402e-05,1.288471e-07,0.0001162667,3.0094996e-06,0.00019588195,1.1824589e-05,8.037545e-07,8.836061e-06,2.1358761e-05,1.5817623e-06,1.6646678e-05,0.07666289,2.3596043e-07,1.2208636e-05,6.377999e-06,0.000105754974,4.8823877e-05,1.868576e-05,0.9210392
Lung-SCC,0.0,0.0,0.0,0.0,0.0,0.0,1.2396887e-35,2.1449718e-15,0.0,0.0,0.0,1.2941471e-35,1.0,0.0,0.0,0.0,0.0,0.0,0.0,0.0,0.0,0.0,0.0,0.0
CNS-PiloAstro,2.0631353e-05,8.559931e-06,0.000107629116,0.011006028,0.98564583,8.092394e-06,2.4713522e-06,3.017373e-06,3.0605977e-05,5.520325e-07,3.835759e-06,1.021398e-05,2.5145878e-06,3.0750082e-06,3.081615e-05,0.0012764824,7.8747535e-06,3.3126341e-06,5.9868157e-06,0.0017753767,3.436703e-06,1.9565046e-05,6.733514e-06,1.740802e-05
ColoRect-AdenoCA,5.7979206e-15,2.724017e-18,5.3273585e-14,3.4769677e-18,6.9048594e-27,0.99999964,4.231053e-08,3.9704344e-11,3.387735e-14,1.2140975e-13,4.0997717e-13,7.695039e-09,5.556923e-17,7.766731e-09,6.573484e-13,1.4771372e-15,4.4375392e-16,3.6236824e-07,6.068728e-09,7.867475e-13,1.075187e-14,1.9130222e-09,5.3560233e-16,1.916022e-11
ColoRect-AdenoCA,5.9071457e-08,7.02546e-08,2.1788667e-07,2.0394758e-10,3.5434316e-13,0.99008536,0.0001850965,8.637358e-05,1.4716653e-07,1.1857658e-08,3.554334e-05,3.5505665e-05,1.5846885e-08,0.007088403,0.00062276155,5.7366172e-08,1.2947549e-08,5.4326465e-06,2.346628e-06,5.650093e-06,8.107514e-06,0.0017973777,6.341783e-08,4.1400148e-05
CNS-Medullo,0.0011981733,0.0067232363,0.0016266757,0.96731544,0.0031246666,0.000858922,3.4061075e-05,0.0002495428,0.003721105,0.00018939728,0.00015652608,0.00040767464,9.44049e-05,0.00017539403,0.00017433609,0.0059793964,0.0006488067,0.0005864172,0.00049082015,0.000892105,0.00036912263,0.00019271976,0.0036207242,0.0011704126
Kidney-ChRCC,0.0005373672,0.0018965945,0.0010429162,0.016869068,0.00025746805,0.0005011488,5.8629444e-06,0.0001824533,0.9093624,0.0006614597,3.7671733e-05,0.0001917492,3.385357e-06,7.1422284e-05,0.00041232933,0.044770446,0.007024428,0.000143543,0.0010163374,0.0005295115,0.00080776523,0.00020869874,0.01217855,0.0012874802
Lymph-BNHL,0.0,0.0,0.0,0.0,0.0,0.0,0.0,0.0,0.0,0.0,0.0,0.0,0.0,1.0,3.66088e-36,0.0,0.0,0.0,0.0,0.0,0.0,0.0,0.0,0.0
Lymph-CLL,1.1588669e-06,1.2046706e-09,3.8617477e-06,7.68568e-10,2.0304425e-08,7.639814e-07,6.4889005e-10,4.2915553e-07,4.5426694e-09,9.1163577e-10,5.8817636e-07,7.195647e-08,1.6068724e-10,0.18557405,0.81441754,5.85459e-10,4.9493765e-09,5.0748206e-10,6.0798335e-08,3.3463888e-08,7.339161e-07,7.969399e-08,6.116061e-07,5.1430366e-08
Ovary-AdenoCA,6.2629414e-07,0.00016445089,1.02050866e-08,2.2446513e-10,4.3809222e-17,5.21961e-09,4.1698754e-12,9.75233e-10,0.00037158813,1.9321459e-07,2.8164575e-08,1.5290013e-09,2.380832e-12,1.9711541e-11,2.3535277e-10,6.496527e-06,0.99943906,9.936529e-07,6.3548438e-09,3.3698873e-12,2.9186666e-07,7.552414e-06,3.078064e-09,8.815539e-06
Prost-AdenoCA,1.7019273e-07,5.459024e-08,2.6420329e-08,5.7222796e-06,4.5831527e-08,1.13646024e-07,3.9090864e-10,7.1500907e-09,2.6927038e-08,1.3231888e-09,3.4619658e-09,8.029106e-08,1.833873e-09,3.8985895e-09,1.90455e-08,3.1225946e-09,3.1849462e-10,5.3164007e-07,7.0710326e-10,0.9999932,1.6002213e-10,3.7342853e-09,7.1530193e-10,1.9387828e-08
Stomach-AdenoCA,1.137633e-33,3.198651e-25,0.0,0.0,0.0,0.0017348155,1.4728447e-21,5.8369746e-08,1.3406088e-16,9.327033e-15,6.4172045e-20,8.909183e-32,0.0,2.4992456e-21,1.0999791e-36,5.3293986e-33,5.6530604e-28,0.11190743,1.3704429e-25,4.973783e-26,1.4375243e-29,0.00021471352,0.0,0.8861429
Lymph-BNHL,2.9921282e-15,1.4549578e-22,1.1858539e-15,8.603941e-24,1.3704557e-22,3.172298e-12,1.0433124e-21,2.9019846e-15,1.2798558e-19,4.438473e-22,5.5618427e-17,2.4005456e-18,1.802644e-25,0.9999957,4.259795e-06,1.5278103e-22,1.1361657e-21,2.5772717e-22,5.5521124e-17,8.901638e-18,1.1851213e-15,3.7373666e-16,1.4687507e-19,6.163633e-18
Stomach-AdenoCA,0.0,0.0,0.0,0.0,0.0,0.0,3.2206955e-08,0.0,0.0,0.0,0.0,0.0,0.0,0.0,0.0,0.0,0.0,0.0,0.0,0.0,0.0,1.0,0.0,0.0
Liver-HCC,2.3647775e-10,5.682954e-10,8.5017746e-13,1.927233e-16,3.820812e-20,1.5629159e-09,5.2160153e-14,4.3617252e-08,3.941587e-12,1.4881972e-08,0.9999999,4.390797e-12,6.0301267e-15,1.1651433e-10,7.310546e-09,1.1891424e-16,1.7088993e-13,7.39135e-12,2.758212e-09,1.7932938e-09,5.1659246e-11,1.1088909e-09,1.2071894e-12,1.05314125e-10
Liver-HCC,2.0095245e-24,3.3893074e-25,2.2456294e-24,1.1351077e-31,6.5268433e-37,8.978434e-20,2.992058e-32,1.3215288e-23,1.6955345e-26,1.4672177e-18,1.0,4.9183647e-29,3.41246e-35,2.4471029e-23,3.4847366e-18,3.6459316e-33,2.6542334e-27,4.746328e-26,4.2910383e-13,1.6726988e-23,1.7404457e-24,1.5853622e-20,9.213645e-27,1.7901193e-24
Stomach-AdenoCA,6.8869233e-19,2.932414e-20,2.6203402e-27,0.0,0.0,2.1862337e-16,1.809023e-11,5.4493264e-22,6.233311e-20,7.6266505e-26,7.869337e-21,8.6252386e-17,1.7923268e-31,2.2340833e-19,4.932184e-25,2.2201893e-22,1.0367424e-22,3.6985607e-18,6.980293e-18,3.5758812e-23,1.7030701e-15,1.0,1.1770648e-32,6.2314302e-21
Prost-AdenoCA,3.5409183e-08,2.3002068e-08,1.1500831e-08,9.524151e-08,5.2166194e-10,2.2554406e-07,2.0206409e-10,8.009163e-08,4.9430533e-08,4.4523752e-08,3.9490796e-08,5.0841123e-08,6.324872e-10,1.02764535e-08,4.138663e-08,1.092296e-09,2.5377261e-10,3.0345305e-08,7.0439776e-10,0.99999917,4.8435506e-10,1.00836886e-08,5.0520715e-10,4.756527e-08
Head-SCC,9.806331e-14,5.9234285e-15,1.6231082e-18,4.964373e-23,7.833496e-26,1.9789544e-13,2.5842722e-11,1.0,1.6667285e-18,3.9373698e-17,6.879904e-14,1.6583152e-15,1.16500715e-11,3.0362564e-13,2.5329513e-17,1.8002581e-20,1.9517563e-19,9.156409e-16,2.4137273e-15,1.6015204e-14,1.1499133e-15,5.1544808e-14,1.4250088e-14,2.7616323e-14
CNS-PiloAstro,0.0013652691,0.00032450535,0.00508355,0.42985716,0.48981076,0.00048486292,7.4785356e-05,0.00014704281,0.0062365667,0.00036879024,0.00012553249,0.0005184708,4.039149e-05,9.698955e-05,0.00137298,0.031019205,0.0008176766,0.001981371,0.001480561,0.02536497,8.81555e-05,0.0015605221,0.0012714972,0.0005083242
Kidney-RCC,0.0003971406,0.0029504977,3.3463215e-07,6.4799955e-05,1.1310761e-11,3.56706e-05,5.6553757e-09,0.0007314432,3.219876e-05,0.99285066,0.0004112105,1.6788428e-08,1.3673701e-08,1.1509537e-06,3.400795e-07,4.6650337e-07,1.2879976e-05,1.20161785e-05,5.7281304e-06,0.00020694558,1.6849332e-06,1.4753212e-05,3.8908943e-06,0.0022660934
Panc-AdenoCA,7.715826e-12,5.0083093e-13,5.2988794e-12,8.840984e-10,5.366532e-18,7.2311117e-09,1.2017885e-08,4.1565786e-11,7.9304015e-11,2.1432042e-12,5.185031e-13,1.2377463e-09,1.918533e-13,6.71094e-13,7.909426e-13,4.0848164e-10,5.9258445e-12,1.0,3.3963834e-12,2.943453e-09,4.0075183e-15,1.0191046e-08,9.408414e-14,3.4343372e-11
Panc-AdenoCA,5.2888873e-07,2.9782793e-08,3.049634e-08,3.5156017e-08,1.9105865e-12,1.4888394e-06,0.00020654647,6.445547e-07,2.8687105e-06,9.1564054e-08,2.2812666e-08,3.4263444e-06,8.741186e-08,8.2629885e-09,1.5068363e-08,1.2954162e-06,5.5481644e-07,0.99967694,2.2979455e-07,2.2221933e-09,1.4701486e-08,0.00010447967,9.6802445e-08,5.889763e-07
Liver-HCC,9.01437e-19,2.2892278e-19,7.225667e-20,5.987394e-25,4.1233332e-27,1.2486953e-15,1.4096233e-23,7.863441e-17,6.165696e-21,5.474578e-15,1.0,2.1106879e-21,1.6120564e-26,1.0386105e-15,1.2806668e-12,3.350613e-25,8.421975e-22,1.4931384e-20,2.1757242e-10,2.8205744e-17,1.7396479e-18,6.1704e-14,6.17459e-22,9.57965e-20
Lymph-BNHL,4.0859477e-16,1.0248155e-23,2.1324779e-17,1.2349179e-25,7.617294e-24,9.844515e-15,2.4775149e-24,4.633252e-17,8.180351e-20,3.9418968e-22,1.1463636e-18,4.40844e-21,9.5416405e-28,0.99999964,3.553181e-07,2.2833766e-25,1.252206e-22,6.0908474e-26,8.1689194e-17,2.4309168e-20,2.0574623e-15,1.6654758e-18,2.28955e-19,1.1206793e-19
Head-SCC,1.039478e-16,2.1523325e-11,3.760367e-22,5.2712796e-23,1.4316082e-31,7.61711e-12,1.568299e-18,1.0,4.6643717e-19,5.4598275e-17,8.27399e-12,1.8279343e-17,7.7365665e-18,5.339153e-13,8.799072e-19,4.825587e-23,4.5074207e-24,5.3347374e-16,8.6074476e-19,3.6142593e-12,3.220902e-17,5.6058493e-18,1.9345918e-16,8.1147263e-13
Panc-Endocrine,6.4409636e-05,4.930752e-08,5.5714896e-05,7.487334e-07,6.220074e-06,4.4387398e-05,1.1505606e-08,8.032752e-07,9.106009e-05,0.00013013525,0.00010940588,4.2521492e-07,1.3339935e-09,1.05099025e-05,0.000636948,7.8447425e-07,1.2436292e-06,1.1069594e-06,0.9986394,1.782659e-06,1.6609475e-06,5.0900326e-06,0.00019656695,1.4942705e-06
Breast-AdenoCA,0.000707209,0.9205471,9.536966e-05,0.022080239,8.334941e-07,7.536163e-05,7.304209e-07,0.00072690094,0.00039553043,0.00013457822,0.000484709,0.00016210444,0.00069229497,6.2871623e-06,1.7193957e-05,0.00026071782,0.047008492,8.1861646e-05,1.8516015e-06,8.763338e-05,0.000114173345,2.1995875e-05,0.0034999773,0.0027969473
Uterus-AdenoCA,7.2162793e-06,0.00010916658,5.4182233e-06,2.9183287e-09,1.1039404e-11,9.4765284e-07,8.129847e-08,4.816901e-05,1.9551344e-06,7.740804e-07,5.0363e-06,4.5372435e-06,0.00014799552,5.1080514e-07,7.144835e-08,1.1760663e-06,0.022212014,8.9356014e-08,4.600136e-08,2.3870086e-06,0.00026689618,3.2201453e-07,8.437324e-05,0.97710085
CNS-PiloAstro,0.0001916647,9.480456e-05,0.0010341966,0.0025245452,0.9790462,2.7272616e-05,2.0950072e-06,9.952109e-06,0.0002748121,8.38265e-06,3.241908e-05,8.271052e-05,1.1632876e-05,9.19945e-06,0.0003588978,0.002063897,4.6583944e-05,1.0880831e-05,0.00015212271,0.00045012118,3.1301206e-05,1.7370168e-05,0.013490268,2.8678685e-05
Panc-Endocrine,0.005645481,0.00020570499,0.0064451313,0.14696093,0.20057134,0.013269184,0.00026031808,0.00040592218,0.034131605,0.0027571702,0.0022275667,0.00063922245,2.368431e-05,0.0017615422,0.021658612,0.04069352,0.0033838255,0.0019246727,0.45960554,0.023105051,0.00093438756,0.020424988,0.011640635,0.0013239138
Lung-SCC,1.25925034e-26,1.4484221e-32,8.270619e-37,0.0,0.0,0.0,2.475319e-28,1.2437333e-21,0.0,0.0,0.0,5.032585e-20,1.0,0.0,0.0,0.0,6.990948e-34,7.572599e-37,0.0,3.6391784e-33,0.0,0.0,1.7871208e-35,4.251507e-37
Kidney-RCC,6.56579e-06,7.454745e-06,2.6957256e-08,1.4345272e-05,1.046723e-12,6.6421276e-06,2.6551586e-11,1.6817094e-07,0.0017310907,0.9971439,2.0954798e-05,5.6277966e-10,2.5287711e-11,1.3649975e-07,4.872761e-08,1.2490583e-06,0.0006489684,2.9539913e-06,1.5348925e-05,1.3384755e-06,1.2560588e-07,2.5685867e-07,6.967053e-06,0.00039128002
Eso-AdenoCA,0.0,0.0,0.0,0.0,0.0,3.9977796e-36,1.0,1.0651167e-36,0.0,0.0,0.0,1.1979776e-35,0.0,0.0,0.0,0.0,0.0,1.4441845e-25,0.0,0.0,0.0,1.7314203e-16,0.0,0.0
Prost-AdenoCA,0.0010377038,0.00029424188,0.00077958306,0.036145337,0.009864944,0.00059089775,5.652812e-05,0.00012914278,0.00022882037,0.0011673768,0.0002671981,0.00085511635,0.00019126335,9.427856e-05,0.00045874954,0.0009930142,0.0003309629,0.0077039553,0.00020225898,0.9377462,2.2650129e-05,0.00023804016,0.00024296551,0.00035869252
Head-SCC,7.280483e-26,3.2414642e-23,4.989061e-35,0.0,0.0,1.3835855e-19,5.1467355e-23,1.0,1.864887e-28,1.0147035e-27,1.4349383e-23,3.0457096e-25,5.472707e-27,1.440661e-20,1.0647833e-29,4.609528e-38,1.7757431e-37,8.641316e-23,5.8357896e-26,5.085963e-29,4.442222e-28,8.735867e-25,3.1083188e-24,1.5596843e-25
Breast-AdenoCA,2.3033142e-18,1.0,1.9966294e-21,1.3311795e-20,1.0052574e-33,7.441534e-21,1.6862158e-24,2.8319364e-18,1.9414515e-17,1.3651247e-21,7.5737493e-16,1.5472084e-20,7.0237095e-22,1.496264e-26,1.757352e-23,6.040703e-20,3.4292977e-18,7.4312976e-20,4.799743e-21,1.4482611e-18,8.422354e-16,9.826574e-17,1.6721957e-22,4.4961987e-20
Breast-AdenoCA,3.0057665e-11,1.0,3.3330394e-14,4.2902654e-11,4.663813e-22,9.527628e-12,3.9635025e-16,7.843236e-09,4.586946e-11,2.7964932e-11,6.1526166e-11,2.4679237e-12,8.105418e-12,2.6174989e-15,1.7710893e-14,5.605618e-13,4.6341098e-10,2.540261e-10,3.827299e-15,3.9153025e-12,2.7265057e-12,8.6592077e-14,2.7803927e-12,1.1964606e-10
Breast-AdenoCA,1.3999743e-08,0.99999976,1.2389731e-11,5.345712e-10,8.7148315e-17,2.0557496e-10,6.013409e-13,5.7109062e-08,4.958133e-09,1.8388763e-09,8.7441885e-09,5.485437e-11,5.1323384e-10,2.3670582e-12,1.0119145e-12,1.3913613e-10,6.1705757e-10,3.760509e-11,7.196316e-12,1.5696945e-07,2.687775e-08,9.205708e-11,7.010283e-11,4.7214318e-08
Liver-HCC,6.763686e-22,1.4272002e-19,8.176579e-20,8.9202635e-27,7.638248e-31,8.8822196e-15,4.0036036e-24,7.4261263e-16,1.5698289e-21,9.147786e-16,1.0,4.0630752e-21,6.438719e-26,8.756852e-18,9.416986e-16,1.9649038e-27,8.790695e-24,2.161973e-18,2.8741146e-14,1.8562961e-16,1.0333794e-20,1.209053e-17,1.2316935e-21,2.258497e-18
Liver-HCC,8.729371e-25,9.111664e-25,2.3572067e-26,1.7546128e-30,7.7668086e-35,6.1596604e-19,8.919658e-33,9.3601455e-24,2.9528672e-27,2.3624802e-20,1.0,1.0841381e-27,6.7119786e-35,1.1442165e-22,1.3819471e-16,1.47669035e-33,2.9727788e-29,2.9835564e-24,2.0028276e-17,6.225731e-20,4.4137815e-26,1.8680121e-21,2.9642013e-25,2.0330792e-25
Panc-AdenoCA,6.918938e-07,1.3010693e-07,9.7179246e-08,2.6618608e-08,8.2106213e-13,5.01975e-06,1.9926903e-05,6.23314e-08,8.046687e-07,7.9552954e-08,2.9047553e-07,1.3935945e-05,6.2451924e-09,1.3200082e-08,6.175086e-08,3.3500777e-07,8.6534286e-08,0.99937916,9.321972e-07,4.894723e-07,2.951282e-08,0.0005772707,5.4583644e-09,5.203201e-07
Breast-AdenoCA,0.032472093,0.43200013,0.0005088514,0.18823563,1.19805e-05,0.0025645248,1.7077438e-05,0.014269283,0.18479778,0.006912911,0.0034608047,0.00020690115,3.6538306e-05,0.0008331794,0.002992801,0.016552709,0.016550463,0.002471782,0.00029538534,0.042370014,0.0045171957,0.0007534815,0.028505294,0.018663276
Breast-AdenoCA,7.7262214e-08,0.9999958,2.0232797e-10,7.574756e-07,2.4640304e-14,6.288839e-09,2.053204e-12,1.729278e-08,1.437049e-07,1.749298e-07,1.0431534e-06,1.5655015e-10,3.470793e-10,3.249956e-12,5.572428e-10,1.3042344e-09,1.5854908e-06,8.446693e-08,3.5442762e-09,5.349098e-10,4.4838835e-08,1.3150931e-09,2.157663e-07,3.2971887e-09
Bone-Osteosarc,0.9519583,0.033032678,0.00084991177,0.00029875597,3.2515698e-05,6.4804367e-06,4.1375337e-05,0.0030697747,0.00047195287,7.704239e-05,0.00010739144,0.00037113277,0.0004956447,1.1527602e-05,0.0003653564,0.00027076693,0.0011542222,0.0034500815,0.000110577465,0.0004845784,0.0005107847,0.00023576702,0.0025368368,5.646877e-05
Bone-Osteosarc,0.99999833,1.3982218e-06,4.518304e-08,1.6832102e-11,9.0155646e-14,1.686192e-11,1.6820483e-11,1.4058262e-09,2.4952707e-10,1.11104584e-10,5.7578137e-10,5.200583e-09,2.8565685e-09,3.4141272e-09,3.7045142e-10,5.8586656e-11,7.681036e-10,6.2788075e-10,6.129386e-09,1.0126168e-10,2.6160103e-07,6.707804e-10,2.7114608e-09,1.1463958e-09
Liver-HCC,3.817132e-17,3.958065e-15,3.7229662e-17,9.316127e-22,1.0452e-23,1.239508e-14,7.166612e-22,1.2032161e-14,2.4228842e-18,3.3621055e-13,1.0,2.6503185e-19,1.5687095e-21,2.7553212e-16,6.872913e-14,2.1079268e-22,5.478327e-19,5.546119e-19,2.1097405e-11,6.6685803e-16,6.253425e-16,5.955193e-15,2.6566374e-17,1.0349166e-15
Bone-Osteosarc,0.073708296,0.0068854755,0.029788759,0.06334579,0.22313634,0.0052106758,0.0032995655,0.0039784173,0.016030826,0.009741244,0.008172953,0.0123796575,0.0022355102,0.0017077678,0.042431515,0.09998218,0.010013064,0.098531336,0.11021863,0.12559019,0.0036990212,0.016809536,0.028847355,0.004255897
Panc-Endocrine,4.7596773e-06,1.4670222e-07,2.6260918e-07,5.8248054e-07,1.2016119e-09,2.5697198e-05,1.1753835e-08,2.6382147e-06,0.001649999,0.001944516,2.1054346e-05,1.2004374e-08,1.2876172e-10,3.0221952e-07,4.3700066e-07,2.0210464e-06,7.4707157e-07,3.4899676e-06,0.99625945,1.2262638e-08,6.9224336e-07,3.413521e-06,7.734075e-05,2.5263514e-06
Myeloid-MPN,0.00019414841,0.00037067148,0.00014840884,0.0044270563,0.0003815597,0.000114283284,9.340664e-06,1.42208655e-05,0.0023975216,9.938119e-06,2.0519863e-05,4.731477e-05,1.2485518e-06,6.2214403e-06,0.00022414987,0.97091115,0.0014024954,0.00027022968,0.009329292,3.6894508e-06,0.0001281759,0.00019469167,0.009311337,8.2436774e-05
Myeloid-MPN,0.005095905,0.00017942324,0.00091857946,0.0015426378,0.030254157,0.00024219653,0.001271503,0.00018032159,0.0018237567,1.4912099e-05,1.2702093e-05,0.00040042622,3.1101215e-05,0.000101429345,0.00011655312,0.9485368,0.0002384871,0.0017853812,0.0005652569,0.00047379753,0.00031317523,0.00527835,0.00042305136,0.00020015879
Myeloid-MPN,0.00037895475,5.4348315e-05,0.00036952444,0.0023114472,0.00039036357,0.000120661665,3.8818027e-05,1.3727862e-05,0.0011911577,1.44273035e-05,1.104214e-05,0.0035540941,8.915435e-06,1.1115115e-05,7.2774856e-05,0.97892773,0.0009683241,0.004336395,0.0006481461,1.3616732e-05,4.6705565e-05,0.00063722004,0.005843176,3.7239268e-05
Myeloid-MPN,0.0036838856,0.00066097575,0.00045321556,0.17713471,0.00019034078,0.0032646104,1.4389513e-05,0.00032975373,0.0031964257,0.0024804554,0.00076527445,6.237669e-05,5.4363877e-06,0.000121327204,0.0047241775,0.66901284,0.0044212365,0.028620902,0.002064369,0.09145806,3.3991815e-05,0.0024171786,0.00141201,0.0034720043
Myeloid-MPN,0.001279672,2.572973e-05,0.00016875731,0.0066831056,0.00019310019,8.5348656e-05,4.693899e-06,5.999616e-06,0.005311127,6.285233e-05,4.9397662e-05,3.181961e-05,2.1467855e-07,1.0645019e-05,1.4479366e-05,0.98174,0.0013389762,0.0007398059,0.00045764123,8.3408464e-05,1.8443145e-05,0.00046472994,0.0002596059,0.00097056787
Panc-AdenoCA,2.824467e-13,1.778428e-14,3.323175e-14,3.376312e-14,5.3571682e-24,5.0206644e-10,4.9957736e-09,3.7810595e-14,4.1291628e-13,1.19449035e-14,8.6407915e-15,1.000118e-08,8.1522984e-17,8.0976526e-14,1.8838974e-15,2.2976597e-13,1.5996788e-15,1.0,9.707926e-13,3.1503137e-13,7.342214e-16,1.0334566e-08,1.0023641e-15,1.1910789e-12
Prost-AdenoCA,0.007272634,0.040157124,0.003804324,0.09280473,0.112848416,0.0021546448,0.00073438074,0.001437006,0.06998847,0.00043954435,0.000403755,0.003824353,0.0004267499,0.00054257206,0.0007424852,0.062231697,0.0025814886,0.008300367,0.0011909722,0.573813,0.0007907031,0.005960046,0.0032720268,0.0042784894
Skin-Melanoma,0.0,0.0,0.0,0.0,0.0,0.0,0.0,0.0,0.0,0.0,0.0,0.0,0.0,0.0,0.0,0.0,0.0,0.0,0.0,0.0,1.0,0.0,0.0,0.0
Lung-AdenoCA,9.020014e-26,1.4688357e-26,5.5524416e-29,0.0,0.0,7.0711336e-29,5.1964074e-24,9.271519e-31,1.6645148e-36,3.4210364e-35,5.674984e-32,1.0,3.670902e-16,4.0535842e-29,1.815418e-33,6.4929705e-37,9.0832574e-29,5.9107235e-29,2.1963326e-30,2.133783e-30,2.9368e-29,4.9974737e-30,1.1406377e-31,7.3912304e-29
ColoRect-AdenoCA,4.5274526e-20,1.4290713e-15,1.4017852e-20,6.021634e-18,8.280907e-37,0.99999964,1.519205e-20,3.7390452e-11,2.7623598e-13,6.683665e-13,2.2495192e-07,6.2992055e-22,2.8530216e-28,4.326728e-10,7.472059e-12,1.85441e-19,3.8145963e-18,3.8851713e-09,1.5038835e-14,6.850656e-08,3.637569e-17,4.924794e-10,1.194299e-21,8.804771e-09
Breast-AdenoCA,2.2997333e-17,1.0,5.0200666e-19,4.0862487e-22,3.6273302e-32,6.0465023e-16,8.5301424e-19,5.304623e-12,1.5550228e-15,1.6231313e-20,2.1835532e-13,5.9527853e-15,1.6340883e-15,7.968179e-20,2.8088343e-20,1.5475767e-17,3.8475294e-15,3.2315247e-16,1.5898005e-21,8.194019e-16,9.420508e-12,1.4894103e-15,1.5076604e-18,6.6610177e-12
Breast-AdenoCA,7.075684e-09,0.9999999,4.352363e-10,5.4563642e-08,1.4955833e-13,3.5333877e-10,1.3018202e-11,1.2071366e-08,2.2744555e-08,1.2040534e-11,2.2001714e-09,1.4621816e-09,3.6273773e-10,1.7859736e-11,6.071224e-11,6.9691325e-10,3.8815406e-10,1.9855937e-09,9.464181e-12,1.4450041e-08,9.621233e-09,3.0166991e-09,9.144952e-10,6.958334e-10
Breast-AdenoCA,5.284925e-06,0.99952686,1.9882473e-08,5.02166e-06,9.324736e-13,2.0808832e-06,4.996954e-09,7.254942e-05,9.7021075e-06,3.9629435e-06,6.3205475e-06,9.357899e-08,1.923108e-06,1.2147376e-08,4.188681e-08,1.9098653e-07,0.00023577856,8.700667e-05,1.3016687e-07,4.258782e-07,4.34157e-07,8.1500325e-08,3.9671895e-06,3.824121e-05
Breast-AdenoCA,1.936784e-07,0.99999976,3.0003127e-15,2.8537947e-13,5.3625443e-24,1.1592277e-12,1.0020603e-18,4.4251394e-09,8.597689e-10,5.5483675e-09,4.9077915e-11,4.941665e-14,6.798144e-13,4.781935e-16,7.2892406e-17,8.713266e-14,4.170139e-08,1.933002e-12,1.09238614e-13,2.0812757e-14,9.336521e-12,1.6703978e-14,1.6235503e-11,4.001028e-10
Breast-AdenoCA,4.892068e-05,0.9985493,4.9317457e-08,7.403699e-07,1.4706181e-15,3.2037846e-08,3.2926734e-11,1.2580546e-07,1.7444136e-05,1.1041917e-05,4.2417858e-07,1.3317479e-09,1.5325028e-08,1.6316441e-10,6.5432476e-10,1.889232e-07,0.0013177827,1.5032394e-05,8.330739e-09,4.6849595e-07,1.7389388e-07,8.048539e-08,4.7928022e-08,3.808275e-05
Breast-AdenoCA,0.0031670204,0.9696352,0.0001888518,7.066378e-05,8.898376e-06,0.0003967094,0.000100184,0.0024518098,0.00962825,4.2274823e-05,0.000748136,0.00019949065,3.420481e-05,0.00018161717,0.0033992336,0.0008360188,0.00018620446,0.0018320823,0.00021230325,0.0004827879,0.0031807683,0.0014632615,0.0010152336,0.0005388018
Breast-AdenoCA,2.4299381e-06,0.9998722,5.8058223e-08,3.4294299e-06,7.897228e-10,1.18561275e-07,6.199921e-09,6.365606e-07,8.638734e-05,9.655198e-07,1.8129239e-06,1.7033597e-07,2.6589563e-08,7.864793e-09,7.3754244e-08,3.4727548e-06,1.0322043e-05,4.654786e-06,4.701851e-08,1.1931404e-06,2.6084103e-06,1.6490449e-06,5.2427035e-06,2.405966e-06
Bone-Osteosarc,0.23804176,0.009085026,0.016480004,0.018889526,0.02563153,0.0075119017,0.0049124123,0.0030296156,0.050124142,0.01786723,0.009219388,0.0051821424,0.001967015,0.00157881,0.025866333,0.057552796,0.05391664,0.11992959,0.23145378,0.008497849,0.0042740833,0.017079944,0.06967464,0.0022338163
CNS-PiloAstro,0.00083521754,2.6954764e-05,0.0012082828,0.01911813,0.9601513,0.00011228024,2.1492977e-05,5.2122425e-05,0.0013673969,8.004962e-05,6.0526476e-05,0.00027249503,3.243901e-05,4.0420076e-05,0.0017086993,0.0024964388,0.00050427235,0.000479233,0.0005027806,0.004218536,1.6097127e-05,0.00012572177,0.006406309,0.00016273004
